model,pred_len,data_id,mse,mae,learning_rate,inner_lr,meta_lr,auxi_loss,rec_lambda,auxi_lambda,rank_ratio,lradj,train_epochs,patience,batch_size,auxi_batch_size,warmup_steps,meta_inner_steps,overlap_ratio,num_tasks,max_norm,first_order,auxi_mode,auxi_type,pca_dim,reinit,use_weights,sample_attn,exp_dir
Fredformer,96,ETTh1,0.36759549379348755,0.39137938618659973,0.001,0.001,0.2,MAE,0.0,1.0,1.0,type3,100,10,128,64,500,1,0.0,3,5.0,1,basis,pca,T,1,0,1,/mnt/tidalfs-bdsz01/dataset/llm_dataset/plc_data/TransDF/results/meta_tune/Fredformer_ETTh1_96_0.0_1.0_0.001_0.001_0.2_type3_100_10_128_64_1.0_5.0_3_0.0_1_MAE_1_500_basis_pca_T_1_0_1
Fredformer,192,ETTh1,0.4141930043697357,0.42062684893608093,0.001,0.001,0.2,MAE,0.0,1.0,0.9,type3,100,10,128,64,300,1,0.0,3,5.0,1,basis,pca,T,1,0,1,/mnt/tidalfs-bdsz01/dataset/llm_dataset/plc_data/TransDF/results/meta_tune/Fredformer_ETTh1_192_0.0_1.0_0.001_0.001_0.2_type3_100_10_128_64_0.9_5.0_3_0.0_1_MAE_1_300_basis_pca_T_1_0_1
Fredformer,336,ETTh1,0.45938780903816223,0.43994560837745667,0.001,0.001,0.2,MAE,0.0,1.0,1.0,type3,100,10,128,64,500,1,0.0,3,5.0,1,basis,pca,T,1,0,1,/mnt/tidalfs-bdsz01/dataset/llm_dataset/plc_data/TransDF/results/meta_tune/Fredformer_ETTh1_336_0.0_1.0_0.001_0.001_0.2_type3_100_10_128_64_1.0_5.0_3_0.0_1_MAE_1_500_basis_pca_T_1_0_1
Fredformer,720,ETTh1,0.4643898010253906,0.46111854910850525,0.001,0.001,0.2,MAE,0.0,1.0,1.0,type3,100,10,128,64,500,1,0.0,3,5.0,1,basis,pca,T,1,0,1,/mnt/tidalfs-bdsz01/dataset/llm_dataset/plc_data/TransDF/results/meta_tune/Fredformer_ETTh1_720_0.0_1.0_0.001_0.001_0.2_type3_100_10_128_64_1.0_5.0_3_0.0_1_MAE_1_500_basis_pca_T_1_0_1
Fredformer,96,ETTh2,0.2803662121295929,0.3301394581794739,0.0005,0.0005,0.2,MAE,0.0,1.0,1.0,type3,100,10,128,64,700,1,0.0,3,5.0,1,basis,pca,T,1,0,1,/mnt/tidalfs-bdsz01/dataset/llm_dataset/plc_data/TransDF/results/meta_tune/Fredformer_ETTh2_96_0.0_1.0_0.0005_0.0005_0.2_type3_100_10_128_64_1.0_5.0_3_0.0_1_MAE_1_700_basis_pca_T_1_0_1
Fredformer,192,ETTh2,0.35733163356781006,0.3797237277030945,0.0002,0.0002,0.2,MAE,0.0,1.0,0.6,type3,100,10,128,64,300,1,0.0,3,5.0,1,basis,pca,T,1,0,1,/mnt/tidalfs-bdsz01/dataset/llm_dataset/plc_data/TransDF/results/meta_tune/Fredformer_ETTh2_192_0.0_1.0_0.0002_0.0002_0.2_type3_100_10_128_64_0.6_5.0_3_0.0_1_MAE_1_300_basis_pca_T_1_0_1
Fredformer,336,ETTh2,0.3898526430130005,0.41133415699005127,0.0002,0.0002,0.2,MAE,0.3,0.7,1.0,type3,100,10,128,64,300,1,0.0,3,5.0,1,basis,pca,T,1,0,1,/mnt/tidalfs-bdsz01/dataset/llm_dataset/plc_data/TransDF/results/meta_tune/Fredformer_ETTh2_336_0.3_0.7_0.0002_0.0002_0.2_type3_100_10_128_64_1.0_5.0_3_0.0_1_MAE_1_300_basis_pca_T_1_0_1
Fredformer,720,ETTh2,0.39834800362586975,0.4252345860004425,0.0005,0.0005,0.2,MAE,0.0,1.0,0.8,type3,100,10,128,64,700,1,0.0,3,5.0,1,basis,pca,T,1,0,1,/mnt/tidalfs-bdsz01/dataset/llm_dataset/plc_data/TransDF/results/meta_tune/Fredformer_ETTh2_720_0.0_1.0_0.0005_0.0005_0.2_type3_100_10_128_64_0.8_5.0_3_0.0_1_MAE_1_700_basis_pca_T_1_0_1
Fredformer,96,ETTm1,0.3202857971191406,0.35713106393814087,0.0005,0.0005,0.1,MAE,0.6,0.4,0.8,TST,100,10,128,64,300,1,0.0,3,5.0,1,basis,pca,T,1,0,1,/mnt/tidalfs-bdsz01/dataset/llm_dataset/plc_data/TransDF/results/meta_tune/Fredformer_ETTm1_96_0.6_0.4_0.0005_0.0005_0.1_TST_100_10_128_64_0.8_5.0_3_0.0_1_MAE_1_300_basis_pca_T_1_0_1
Fredformer,192,ETTm1,0.36063888669013977,0.37868043780326843,0.0005,0.0005,0.1,MAE,0.2,0.8,0.8,TST,100,10,128,64,700,1,0.0,3,5.0,1,basis,pca,T,1,0,1,/mnt/tidalfs-bdsz01/dataset/llm_dataset/plc_data/TransDF/results/meta_tune/Fredformer_ETTm1_192_0.2_0.8_0.0005_0.0005_0.1_TST_100_10_128_64_0.8_5.0_3_0.0_1_MAE_1_700_basis_pca_T_1_0_1
Fredformer,336,ETTm1,0.38975682854652405,0.40028730034828186,0.0002,0.0002,0.1,MAE,0.2,0.8,0.8,TST,100,10,128,64,300,1,0.0,3,5.0,1,basis,pca,T,1,0,1,/mnt/tidalfs-bdsz01/dataset/llm_dataset/plc_data/TransDF/results/meta_tune/Fredformer_ETTm1_336_0.2_0.8_0.0002_0.0002_0.1_TST_100_10_128_64_0.8_5.0_3_0.0_1_MAE_1_300_basis_pca_T_1_0_1
Fredformer,720,ETTm1,0.44781211018562317,0.4347839653491974,0.0005,0.0005,0.1,MAE,0.0,1.0,0.8,TST,100,10,128,64,700,1,0.0,3,5.0,1,basis,pca,T,1,0,0,/mnt/tidalfs-bdsz01/dataset/llm_dataset/plc_data/TransDF/results/meta_tune/Fredformer_ETTm1_720_0.0_1.0_0.0005_0.0005_0.1_TST_100_10_128_64_0.8_5.0_3_0.0_1_MAE_1_700_basis_pca_T_1_0_0
Fredformer,96,ETTm2,0.1722213476896286,0.2514028549194336,0.0005,0.0005,0.2,MAE,0.0,1.0,0.9,TST,100,10,128,64,300,1,0.0,3,5.0,1,basis,pca,T,1,0,0,/mnt/tidalfs-bdsz01/dataset/llm_dataset/plc_data/TransDF/results/meta_tune/Fredformer_ETTm2_96_0.0_1.0_0.0005_0.0005_0.2_TST_100_10_128_64_0.9_5.0_3_0.0_1_MAE_1_300_basis_pca_T_1_0_0
Fredformer,192,ETTm2,0.23519892990589142,0.2941615879535675,0.0005,0.0005,0.2,MAE,0.0,1.0,1.0,TST,100,10,128,64,500,1,0.0,3,5.0,1,basis,pca,T,1,0,1,/mnt/tidalfs-bdsz01/dataset/llm_dataset/plc_data/TransDF/results/meta_tune/Fredformer_ETTm2_192_0.0_1.0_0.0005_0.0005_0.2_TST_100_10_128_64_1.0_5.0_3_0.0_1_MAE_1_500_basis_pca_T_1_0_1
Fredformer,336,ETTm2,0.29211145639419556,0.33198070526123047,0.0005,0.0005,0.2,MAE,0.0,1.0,0.9,TST,100,10,128,64,300,1,0.0,3,5.0,1,basis,pca,T,1,0,1,/mnt/tidalfs-bdsz01/dataset/llm_dataset/plc_data/TransDF/results/meta_tune/Fredformer_ETTm2_336_0.0_1.0_0.0005_0.0005_0.2_TST_100_10_128_64_0.9_5.0_3_0.0_1_MAE_1_300_basis_pca_T_1_0_1
Fredformer,720,ETTm2,0.3875548839569092,0.3900153636932373,5e-05,5e-05,0.2,MAE,0.0,1.0,0.9,TST,100,10,128,64,300,1,0.0,3,5.0,1,basis,pca,T,1,0,1,/mnt/tidalfs-bdsz01/dataset/llm_dataset/plc_data/TransDF/results/meta_tune/Fredformer_ETTm2_720_0.0_1.0_0.00005_0.00005_0.2_TST_100_10_128_64_0.9_5.0_3_0.0_1_MAE_1_300_basis_pca_T_1_0_1
Fredformer,96,ECL,0.14299947023391724,0.23516876995563507,0.001,0.001,0.1,MAE,0.2,0.8,1.0,TST,100,5,32,64,700,1,0.0,3,5.0,1,basis,pca,T,1,0,1,/mnt/tidalfs-bdsz01/dataset/llm_dataset/plc_data/TransDF/results/meta_tune/Fredformer_ECL_96_0.2_0.8_0.001_0.001_0.1_TST_100_5_32_64_1.0_5.0_3_0.0_1_MAE_1_700_basis_pca_T_1_0_1
Fredformer,192,ECL,0.1583668738603592,0.2508707344532013,0.001,0.001,0.1,MAE,0.2,0.8,1.0,TST,100,5,32,64,300,1,0.0,3,5.0,1,basis,pca,T,1,0,0,/mnt/tidalfs-bdsz01/dataset/llm_dataset/plc_data/TransDF/results/meta_tune/Fredformer_ECL_192_0.2_0.8_0.001_0.001_0.1_TST_100_5_32_64_1.0_5.0_3_0.0_1_MAE_1_300_basis_pca_T_1_0_0
Fredformer,336,ECL,0.17292781174182892,0.2665845453739166,0.001,0.001,0.1,MAE,0.3,0.7,0.5,TST,100,5,32,64,300,1,0.0,3,5.0,1,basis,pca,T,1,0,1,/mnt/tidalfs-bdsz01/dataset/llm_dataset/plc_data/TransDF/results/meta_tune/Fredformer_ECL_336_0.3_0.7_0.001_0.001_0.1_TST_100_5_32_64_0.5_5.0_3_0.0_1_MAE_1_300_basis_pca_T_1_0_1
Fredformer,720,ECL,0.20455139875411987,0.2945188283920288,0.001,0.001,0.1,MAE,0.2,0.8,0.5,TST,100,5,32,64,300,1,0.0,3,5.0,1,basis,pca,T,1,0,1,/mnt/tidalfs-bdsz01/dataset/llm_dataset/plc_data/TransDF/results/meta_tune/Fredformer_ECL_720_0.2_0.8_0.001_0.001_0.1_TST_100_5_32_64_0.5_5.0_3_0.0_1_MAE_1_300_basis_pca_T_1_0_1
Fredformer,96,Traffic,0.3910089135169983,0.26387694478034973,0.001,0.001,0.05,MAE,0.2,0.8,1.0,TST,100,5,32,64,300,1,0.0,3,5.0,1,basis,pca,T,1,0,0,/mnt/tidalfs-bdsz01/dataset/llm_dataset/plc_data/TransDF/results/meta_tune/Fredformer_Traffic_96_0.2_0.8_0.001_0.001_0.05_TST_100_5_32_64_1.0_5.0_3_0.0_1_MAE_1_300_basis_pca_T_1_0_0
Fredformer,192,Traffic,0.41096386313438416,0.26831263303756714,0.001,0.001,0.05,MAE,0.2,0.8,1.0,TST,100,5,32,64,300,1,0.0,3,5.0,1,basis,pca,T,1,0,0,/mnt/tidalfs-bdsz01/dataset/llm_dataset/plc_data/TransDF/results/meta_tune/Fredformer_Traffic_192_0.2_0.8_0.001_0.001_0.05_TST_100_5_32_64_1.0_5.0_3_0.0_1_MAE_1_300_basis_pca_T_1_0_0
Fredformer,336,Traffic,0.4224271774291992,0.27503710985183716,0.001,0.001,0.05,MAE,0.4,0.6,1.0,TST,100,5,32,64,300,1,0.0,3,5.0,1,basis,pca,T,1,0,0,/mnt/tidalfs-bdsz01/dataset/llm_dataset/plc_data/TransDF/results/meta_tune/Fredformer_Traffic_336_0.4_0.6_0.001_0.001_0.05_TST_100_5_32_64_1.0_5.0_3_0.0_1_MAE_1_300_basis_pca_T_1_0_0
Fredformer,720,Traffic,0.5133399367332458,0.3442191183567047,0.01,0.01,0.05,MAE,0.2,0.8,0.6,TST,100,5,32,64,700,1,0.0,3,5.0,1,basis,pca,T,1,0,1,/mnt/tidalfs-bdsz01/dataset/llm_dataset/plc_data/TransDF/results/meta_tune/Fredformer_Traffic_720_0.2_0.8_0.01_0.01_0.05_TST_100_5_32_64_0.6_5.0_3_0.0_1_MAE_1_700_basis_pca_T_1_0_1
Fredformer,96,Weather,0.17269493639469147,0.21220140159130096,0.001,0.001,0.1,MAE,0.2,0.8,0.3,type3,100,5,128,64,500,1,0.0,3,5.0,1,basis,pca,T,1,0,1,/mnt/tidalfs-bdsz01/dataset/llm_dataset/plc_data/TransDF/results/meta_tune/Fredformer_Weather_96_0.2_0.8_0.001_0.001_0.1_type3_100_5_128_64_0.3_5.0_3_0.0_1_MAE_1_500_basis_pca_T_1_0_1
Fredformer,192,Weather,0.21978314220905304,0.2545410990715027,0.001,0.001,0.1,MAE,0.1,0.9,0.3,type3,100,5,128,64,700,1,0.0,3,5.0,1,basis,pca,T,1,0,1,/mnt/tidalfs-bdsz01/dataset/llm_dataset/plc_data/TransDF/results/meta_tune/Fredformer_Weather_192_0.1_0.9_0.001_0.001_0.1_type3_100_5_128_64_0.3_5.0_3_0.0_1_MAE_1_700_basis_pca_T_1_0_1
Fredformer,336,Weather,0.2777974307537079,0.2970791459083557,0.001,0.001,0.1,MAE,0.1,0.9,0.3,type3,100,5,128,64,500,1,0.0,3,5.0,1,basis,pca,T,1,0,1,/mnt/tidalfs-bdsz01/dataset/llm_dataset/plc_data/TransDF/results/meta_tune/Fredformer_Weather_336_0.1_0.9_0.001_0.001_0.1_type3_100_5_128_64_0.3_5.0_3_0.0_1_MAE_1_500_basis_pca_T_1_0_1
Fredformer,720,Weather,0.3539845943450928,0.3470090925693512,0.001,0.001,0.1,MAE,0.2,0.8,0.1,type3,100,5,128,64,300,1,0.0,3,5.0,1,basis,pca,T,1,0,1,/mnt/tidalfs-bdsz01/dataset/llm_dataset/plc_data/TransDF/results/meta_tune/Fredformer_Weather_720_0.2_0.8_0.001_0.001_0.1_type3_100_5_128_64_0.1_5.0_3_0.0_1_MAE_1_300_basis_pca_T_1_0_1
Fredformer,96,PEMS03,0.32912200689315796,0.4089343547821045,0.01,0.01,0.05,MAE,0.4,0.6,0.2,TST,100,5,32,64,300,1,0.0,3,5.0,1,basis,pca,T,1,0,1,/mnt/tidalfs-bdsz01/dataset/llm_dataset/plc_data/TransDF/results/meta_tune/Fredformer_PEMS03_96_0.4_0.6_0.01_0.01_0.05_TST_100_5_32_64_0.2_5.0_3_0.0_1_MAE_1_300_basis_pca_T_1_0_1
Fredformer,192,PEMS03,0.37810930609703064,0.43994390964508057,0.01,0.01,0.05,MAE,0.4,0.6,0.6,TST,100,5,32,64,300,1,0.0,3,5.0,1,basis,pca,T,1,0,1,/mnt/tidalfs-bdsz01/dataset/llm_dataset/plc_data/TransDF/results/meta_tune/Fredformer_PEMS03_192_0.4_0.6_0.01_0.01_0.05_TST_100_5_32_64_0.6_5.0_3_0.0_1_MAE_1_300_basis_pca_T_1_0_1
Fredformer,336,PEMS03,0.3319965600967407,0.40093299746513367,0.01,0.01,0.05,MAE,0.4,0.6,0.2,TST,100,5,32,64,700,1,0.0,3,5.0,1,basis,pca,T,1,0,1,/mnt/tidalfs-bdsz01/dataset/llm_dataset/plc_data/TransDF/results/meta_tune/Fredformer_PEMS03_336_0.4_0.6_0.01_0.01_0.05_TST_100_5_32_64_0.2_5.0_3_0.0_1_MAE_1_700_basis_pca_T_1_0_1
Fredformer,720,PEMS03,0.40580716729164124,0.44715267419815063,0.01,0.01,0.05,MAE,0.0,1.0,0.2,TST,100,5,32,64,300,1,0.0,3,5.0,1,basis,pca,T,1,0,1,/mnt/tidalfs-bdsz01/dataset/llm_dataset/plc_data/TransDF/results/meta_tune/Fredformer_PEMS03_720_0.0_1.0_0.01_0.01_0.05_TST_100_5_32_64_0.2_5.0_3_0.0_1_MAE_1_300_basis_pca_T_1_0_1
