CSCM,ablation,activation,add_noise,affine,align_type,alpha,anomaly_ratio,auxi_batch_size,auxi_lambda,auxi_loss,auxi_mode,auxi_type,bandwidth,batch_size,begin_order,c_out,cf_depth,cf_dim,cf_drop,cf_head_dim,cf_heads,cf_mlp,cf_p,cf_weight_decay,channel_independence,checkpoints,cutoff_freq_percentage,d_ff,d_layers,d_model,data,data_id,data_path,data_percentage,dec_in,decomposition,des,devices,dilate_alpha,dist_scale,distance,distil,down_sampling_layers,down_sampling_method,down_sampling_window,dropout,e_layers,embed,enc_in,extra_metrics,factor,fc_dropout,features,first_order,fix_seed,freq,gamma,geomattn_dropout,gpu,head_dropout,hyper_dim,hyper_num,individual,inner_lr,inner_size,input_rank_ratio,input_reinit,input_trans,input_use_weights,inverse,is_training,itr,joint_forecast,k,kernel_size,l1_weight,label_len,learning_rate,leg_degree,load_from_disk,log_path,log_step,loss,lr_decay,lradj,m,mask_factor,mask_rate,max_iter,max_norm,meta_inner_steps,meta_lr,meta_optim_type,meta_type,min_lr,mlp_drop,mlp_hidden,mode,model,model_id,model_per_task,module_first,moving_avg,n_heads,noise_amp,noise_freq_percentage,noise_seed,noise_type,normalize,numItermax,num_freqs,num_kernels,num_tasks,num_workers,optim_type,ot_type,output_attention,output_log,output_pred,output_vis,overlap_ratio,p_hidden_dims,p_hidden_layers,padding_patch,patch_len,patch_num,patience,pca_dim,pct_start,pred_len,pretrain_model_path,rank_ratio,rec_lambda,reconstruction_type,reg_sk,reinit,report_to,requires_grad,rerun,results,revin,root_path,sample_attn,scale_factor,scales,seasonal_patterns,seq_len,shift,speedup_sklearn,step_size,stopThr,stride,subtract_last,target,task_name,test_batch_size,test_results,thread,top_k,train_epochs,use_amp,use_future_temporal_feature,use_gpu,use_multi_gpu,use_norm,use_nys,use_profiler,use_weights,verbose,warmup_steps,warping_length,weighting_type,window_size,wv,mae,mse,rmse,mape,mspe,mre,exp_dir,deterministic,chan_indep,extra_rev_in,input_trans_path,out_chan_indep
Bottleneck_Construct,0,gelu,False,0,0,0.5,0.25,1024,0.0,MAE,fft,complex,0.0,32,1,7,2,48,0.2,32,6,128,1,0,0,/mnt/tidalfs-bdsz01/dataset/llm_ckpt/plc_data/Time-o1/results/o1-baselines/DLinear_ETTh1_96_1.0_0.0_0.0005_type1_10_3_32/checkpoints/,0.06,2048,1,512,ETTh1,ETTh1,ETTh1.csv,1.0,7,0,DLinear,"0,1,2,3",0.5,0.1,time,True,0,,1,0.1,2,timeF,7,[],3,0.05,M,1,2023,h,0.01,0.5,0,0.0,2048,"[50, 20, 10]",0,0.0005,5,1.0,0,None,0,False,1,1,0,3,24,5e-05,48,0.0005,2,,/mnt/tidalfs-bdsz01/dataset/llm_ckpt/plc_data/Time-o1/results/o1-baselines/DLinear_ETTh1_96_1.0_0.0_0.0005_type1_10_3_32/result_long_term_forecast.txt,10,MSE,0.5,type1,3,0.01,0.25,10,1.0,1,0.0005,sgd,all,1e-06,0.3,64,0,DLinear,ETTh1_96_96,0,1,25,8,1,0.05,2023,sin,1,10000,16,6,5,10,adam,emd1d_h,False,False,False,False,0.15,"[128, 128]",2,end,16,14,3,all,0.2,96,,1.0,1.0,imputation,0.1,0,local,True,0,/mnt/tidalfs-bdsz01/dataset/llm_ckpt/plc_data/Time-o1/results/o1-baselines/DLinear_ETTh1_96_1.0_0.0_0.0005_type1_10_3_32/results/,1,/mnt/tidalfs-bdsz01/usr/panlicheng/dataset/ETT-small/,0,2,"[16, 8, 4, 2, 1]",Monthly,96,0,0,1,0.0001,8,0,OT,long_term_forecast,1,/mnt/tidalfs-bdsz01/dataset/llm_ckpt/plc_data/Time-o1/results/o1-baselines/DLinear_ETTh1_96_1.0_0.0_0.0005_type1_10_3_32/test_results/,1,5,10,False,0,True,False,True,0,0,0,0,20,96,softmax,"[4, 4]",db1,0.40367162227630615,0.38894233107566833,0.6236523985862732,8.601434707641602,37319.7109375,8.601434707641602,/mnt/tidalfs-bdsz01/dataset/llm_ckpt/plc_data/Time-o1/results/o1-baselines/DLinear_ETTh1_96_1.0_0.0_0.0005_type1_10_3_32,0.0,0.0,0.0,None,1.0
Bottleneck_Construct,0,gelu,False,0,0,0.5,0.25,1024,0.0,MAE,fft,complex,0.0,32,1,7,2,48,0.2,32,6,128,1,0,0,/mnt/tidalfs-bdsz01/dataset/llm_ckpt/plc_data/Time-o1/results/o1-baselines/DLinear_ETTh1_192_1.0_0.0_0.0005_type1_10_3_32/checkpoints/,0.06,2048,1,512,ETTh1,ETTh1,ETTh1.csv,1.0,7,0,DLinear,"0,1,2,3",0.5,0.1,time,True,0,,1,0.1,2,timeF,7,[],3,0.05,M,1,2023,h,0.01,0.5,0,0.0,2048,"[50, 20, 10]",0,0.0005,5,1.0,0,None,0,False,1,1,0,3,24,5e-05,48,0.0005,2,,/mnt/tidalfs-bdsz01/dataset/llm_ckpt/plc_data/Time-o1/results/o1-baselines/DLinear_ETTh1_192_1.0_0.0_0.0005_type1_10_3_32/result_long_term_forecast.txt,10,MSE,0.5,type1,3,0.01,0.25,10,1.0,1,0.0005,sgd,all,1e-06,0.3,64,0,DLinear,ETTh1_96_192,0,1,25,8,1,0.05,2023,sin,1,10000,16,6,5,10,adam,emd1d_h,False,False,False,False,0.15,"[128, 128]",2,end,16,14,3,all,0.2,192,,1.0,1.0,imputation,0.1,0,local,True,0,/mnt/tidalfs-bdsz01/dataset/llm_ckpt/plc_data/Time-o1/results/o1-baselines/DLinear_ETTh1_192_1.0_0.0_0.0005_type1_10_3_32/results/,1,/mnt/tidalfs-bdsz01/usr/panlicheng/dataset/ETT-small/,0,2,"[16, 8, 4, 2, 1]",Monthly,96,0,0,1,0.0001,8,0,OT,long_term_forecast,1,/mnt/tidalfs-bdsz01/dataset/llm_ckpt/plc_data/Time-o1/results/o1-baselines/DLinear_ETTh1_192_1.0_0.0_0.0005_type1_10_3_32/test_results/,1,5,10,False,0,True,False,True,0,0,0,0,20,96,softmax,"[4, 4]",db1,0.4398763179779053,0.44221821427345276,0.6649948954582214,8.219743728637695,29248.615234375,8.219743728637695,/mnt/tidalfs-bdsz01/dataset/llm_ckpt/plc_data/Time-o1/results/o1-baselines/DLinear_ETTh1_192_1.0_0.0_0.0005_type1_10_3_32,0.0,0.0,0.0,None,1.0
Bottleneck_Construct,0,gelu,False,0,0,0.5,0.25,1024,0.0,MAE,fft,complex,0.0,32,1,7,2,48,0.2,32,6,128,1,0,0,/mnt/tidalfs-bdsz01/dataset/llm_ckpt/plc_data/Time-o1/results/o1-baselines/DLinear_ETTh1_336_1.0_0.0_0.0005_type1_10_3_32/checkpoints/,0.06,2048,1,512,ETTh1,ETTh1,ETTh1.csv,1.0,7,0,DLinear,"0,1,2,3",0.5,0.1,time,True,0,,1,0.1,2,timeF,7,[],3,0.05,M,1,2023,h,0.01,0.5,0,0.0,2048,"[50, 20, 10]",0,0.0005,5,1.0,0,None,0,False,1,1,0,3,24,5e-05,48,0.0005,2,,/mnt/tidalfs-bdsz01/dataset/llm_ckpt/plc_data/Time-o1/results/o1-baselines/DLinear_ETTh1_336_1.0_0.0_0.0005_type1_10_3_32/result_long_term_forecast.txt,10,MSE,0.5,type1,3,0.01,0.25,10,1.0,1,0.0005,sgd,all,1e-06,0.3,64,0,DLinear,ETTh1_96_336,0,1,25,8,1,0.05,2023,sin,1,10000,16,6,5,10,adam,emd1d_h,False,False,False,False,0.15,"[128, 128]",2,end,16,14,3,all,0.2,336,,1.0,1.0,imputation,0.1,0,local,True,0,/mnt/tidalfs-bdsz01/dataset/llm_ckpt/plc_data/Time-o1/results/o1-baselines/DLinear_ETTh1_336_1.0_0.0_0.0005_type1_10_3_32/results/,1,/mnt/tidalfs-bdsz01/usr/panlicheng/dataset/ETT-small/,0,2,"[16, 8, 4, 2, 1]",Monthly,96,0,0,1,0.0001,8,0,OT,long_term_forecast,1,/mnt/tidalfs-bdsz01/dataset/llm_ckpt/plc_data/Time-o1/results/o1-baselines/DLinear_ETTh1_336_1.0_0.0_0.0005_type1_10_3_32/test_results/,1,5,10,False,0,True,False,True,0,0,0,0,20,96,softmax,"[4, 4]",db1,0.46659553050994873,0.488474041223526,0.6989091634750366,8.482681274414062,30940.3984375,8.482681274414062,/mnt/tidalfs-bdsz01/dataset/llm_ckpt/plc_data/Time-o1/results/o1-baselines/DLinear_ETTh1_336_1.0_0.0_0.0005_type1_10_3_32,0.0,0.0,0.0,None,1.0
Bottleneck_Construct,0,gelu,False,0,0,0.5,0.25,1024,0.0,MAE,fft,complex,0.0,32,1,7,2,48,0.2,32,6,128,1,0,0,/mnt/tidalfs-bdsz01/dataset/llm_ckpt/plc_data/Time-o1/results/o1-baselines/DLinear_ETTh1_720_1.0_0.0_0.0005_type1_10_3_32/checkpoints/,0.06,2048,1,512,ETTh1,ETTh1,ETTh1.csv,1.0,7,0,DLinear,"0,1,2,3",0.5,0.1,time,True,0,,1,0.1,2,timeF,7,[],3,0.05,M,1,2023,h,0.01,0.5,0,0.0,2048,"[50, 20, 10]",0,0.0005,5,1.0,0,None,0,False,1,1,0,3,24,5e-05,48,0.0005,2,,/mnt/tidalfs-bdsz01/dataset/llm_ckpt/plc_data/Time-o1/results/o1-baselines/DLinear_ETTh1_720_1.0_0.0_0.0005_type1_10_3_32/result_long_term_forecast.txt,10,MSE,0.5,type1,3,0.01,0.25,10,1.0,1,0.0005,sgd,all,1e-06,0.3,64,0,DLinear,ETTh1_96_720,0,1,25,8,1,0.05,2023,sin,1,10000,16,6,5,10,adam,emd1d_h,False,False,False,False,0.15,"[128, 128]",2,end,16,14,3,all,0.2,720,,1.0,1.0,imputation,0.1,0,local,True,0,/mnt/tidalfs-bdsz01/dataset/llm_ckpt/plc_data/Time-o1/results/o1-baselines/DLinear_ETTh1_720_1.0_0.0_0.0005_type1_10_3_32/results/,1,/mnt/tidalfs-bdsz01/usr/panlicheng/dataset/ETT-small/,0,2,"[16, 8, 4, 2, 1]",Monthly,96,0,0,1,0.0001,8,0,OT,long_term_forecast,1,/mnt/tidalfs-bdsz01/dataset/llm_ckpt/plc_data/Time-o1/results/o1-baselines/DLinear_ETTh1_720_1.0_0.0_0.0005_type1_10_3_32/test_results/,1,5,10,False,0,True,False,True,0,0,0,0,20,96,softmax,"[4, 4]",db1,0.5024269819259644,0.5050578117370605,0.7106741666793823,8.92809772491455,32566.099609375,8.92809772491455,/mnt/tidalfs-bdsz01/dataset/llm_ckpt/plc_data/Time-o1/results/o1-baselines/DLinear_ETTh1_720_1.0_0.0_0.0005_type1_10_3_32,0.0,0.0,0.0,None,1.0
Bottleneck_Construct,0,gelu,False,0,0,0.5,0.25,1024,0.0,MAE,fft,complex,0.0,32,1,7,2,48,0.2,32,6,128,1,0,0,/mnt/tidalfs-bdsz01/dataset/llm_ckpt/plc_data/Time-o1/results/o1-baselines/DLinear_ETTh2_96_1.0_0.0_0.0005_type1_10_3_32/checkpoints/,0.06,2048,1,512,ETTh2,ETTh2,ETTh2.csv,1.0,7,0,DLinear,"0,1,2,3",0.5,0.1,time,True,0,,1,0.1,2,timeF,7,[],3,0.05,M,1,2023,h,0.01,0.5,0,0.0,2048,"[50, 20, 10]",0,0.0005,5,1.0,0,None,0,False,1,1,0,3,24,5e-05,48,0.0005,2,,/mnt/tidalfs-bdsz01/dataset/llm_ckpt/plc_data/Time-o1/results/o1-baselines/DLinear_ETTh2_96_1.0_0.0_0.0005_type1_10_3_32/result_long_term_forecast.txt,10,MSE,0.5,type1,3,0.01,0.25,10,1.0,1,0.0005,sgd,all,1e-06,0.3,64,0,DLinear,ETTh2_96_96,0,1,25,8,1,0.05,2023,sin,1,10000,16,6,5,10,adam,emd1d_h,False,False,False,False,0.15,"[128, 128]",2,end,16,14,3,all,0.2,96,,1.0,1.0,imputation,0.1,0,local,True,0,/mnt/tidalfs-bdsz01/dataset/llm_ckpt/plc_data/Time-o1/results/o1-baselines/DLinear_ETTh2_96_1.0_0.0_0.0005_type1_10_3_32/results/,1,/mnt/tidalfs-bdsz01/usr/panlicheng/dataset/ETT-small/,0,2,"[16, 8, 4, 2, 1]",Monthly,96,0,0,1,0.0001,8,0,OT,long_term_forecast,1,/mnt/tidalfs-bdsz01/dataset/llm_ckpt/plc_data/Time-o1/results/o1-baselines/DLinear_ETTh2_96_1.0_0.0_0.0005_type1_10_3_32/test_results/,1,5,10,False,0,True,False,True,0,0,0,0,20,96,softmax,"[4, 4]",db1,0.3825846016407013,0.33002418279647827,0.5744773149490356,1.2926979064941406,306.18853759765625,1.2926979064941406,/mnt/tidalfs-bdsz01/dataset/llm_ckpt/plc_data/Time-o1/results/o1-baselines/DLinear_ETTh2_96_1.0_0.0_0.0005_type1_10_3_32,0.0,0.0,0.0,None,1.0
Bottleneck_Construct,0,gelu,False,0,0,0.5,0.25,1024,0.0,MAE,fft,complex,0.0,32,1,7,2,48,0.2,32,6,128,1,0,0,/mnt/tidalfs-bdsz01/dataset/llm_ckpt/plc_data/Time-o1/results/o1-baselines/DLinear_ETTh2_192_1.0_0.0_0.0005_type1_10_3_32/checkpoints/,0.06,2048,1,512,ETTh2,ETTh2,ETTh2.csv,1.0,7,0,DLinear,"0,1,2,3",0.5,0.1,time,True,0,,1,0.1,2,timeF,7,[],3,0.05,M,1,2023,h,0.01,0.5,0,0.0,2048,"[50, 20, 10]",0,0.0005,5,1.0,0,None,0,False,1,1,0,3,24,5e-05,48,0.0005,2,,/mnt/tidalfs-bdsz01/dataset/llm_ckpt/plc_data/Time-o1/results/o1-baselines/DLinear_ETTh2_192_1.0_0.0_0.0005_type1_10_3_32/result_long_term_forecast.txt,10,MSE,0.5,type1,3,0.01,0.25,10,1.0,1,0.0005,sgd,all,1e-06,0.3,64,0,DLinear,ETTh2_96_192,0,1,25,8,1,0.05,2023,sin,1,10000,16,6,5,10,adam,emd1d_h,False,False,False,False,0.15,"[128, 128]",2,end,16,14,3,all,0.2,192,,1.0,1.0,imputation,0.1,0,local,True,0,/mnt/tidalfs-bdsz01/dataset/llm_ckpt/plc_data/Time-o1/results/o1-baselines/DLinear_ETTh2_192_1.0_0.0_0.0005_type1_10_3_32/results/,1,/mnt/tidalfs-bdsz01/usr/panlicheng/dataset/ETT-small/,0,2,"[16, 8, 4, 2, 1]",Monthly,96,0,0,1,0.0001,8,0,OT,long_term_forecast,1,/mnt/tidalfs-bdsz01/dataset/llm_ckpt/plc_data/Time-o1/results/o1-baselines/DLinear_ETTh2_192_1.0_0.0_0.0005_type1_10_3_32/test_results/,1,5,10,False,0,True,False,True,0,0,0,0,20,96,softmax,"[4, 4]",db1,0.4495277404785156,0.439167320728302,0.6626970171928406,1.3520640134811401,266.5336608886719,1.3520640134811401,/mnt/tidalfs-bdsz01/dataset/llm_ckpt/plc_data/Time-o1/results/o1-baselines/DLinear_ETTh2_192_1.0_0.0_0.0005_type1_10_3_32,0.0,0.0,0.0,None,1.0
Bottleneck_Construct,0,gelu,False,0,0,0.5,0.25,1024,0.0,MAE,fft,complex,0.0,32,1,7,2,48,0.2,32,6,128,1,0,0,/mnt/tidalfs-bdsz01/dataset/llm_ckpt/plc_data/Time-o1/results/o1-baselines/DLinear_ETTh2_336_1.0_0.0_0.0005_type1_10_3_32/checkpoints/,0.06,2048,1,512,ETTh2,ETTh2,ETTh2.csv,1.0,7,0,DLinear,"0,1,2,3",0.5,0.1,time,True,0,,1,0.1,2,timeF,7,[],3,0.05,M,1,2023,h,0.01,0.5,0,0.0,2048,"[50, 20, 10]",0,0.0005,5,1.0,0,None,0,False,1,1,0,3,24,5e-05,48,0.0005,2,,/mnt/tidalfs-bdsz01/dataset/llm_ckpt/plc_data/Time-o1/results/o1-baselines/DLinear_ETTh2_336_1.0_0.0_0.0005_type1_10_3_32/result_long_term_forecast.txt,10,MSE,0.5,type1,3,0.01,0.25,10,1.0,1,0.0005,sgd,all,1e-06,0.3,64,0,DLinear,ETTh2_96_336,0,1,25,8,1,0.05,2023,sin,1,10000,16,6,5,10,adam,emd1d_h,False,False,False,False,0.15,"[128, 128]",2,end,16,14,3,all,0.2,336,,1.0,1.0,imputation,0.1,0,local,True,0,/mnt/tidalfs-bdsz01/dataset/llm_ckpt/plc_data/Time-o1/results/o1-baselines/DLinear_ETTh2_336_1.0_0.0_0.0005_type1_10_3_32/results/,1,/mnt/tidalfs-bdsz01/usr/panlicheng/dataset/ETT-small/,0,2,"[16, 8, 4, 2, 1]",Monthly,96,0,0,1,0.0001,8,0,OT,long_term_forecast,1,/mnt/tidalfs-bdsz01/dataset/llm_ckpt/plc_data/Time-o1/results/o1-baselines/DLinear_ETTh2_336_1.0_0.0_0.0005_type1_10_3_32/test_results/,1,5,10,False,0,True,False,True,0,0,0,0,20,96,softmax,"[4, 4]",db1,0.5375152230262756,0.5893800854682922,0.7677109241485596,1.4030983448028564,249.09173583984375,1.4030983448028564,/mnt/tidalfs-bdsz01/dataset/llm_ckpt/plc_data/Time-o1/results/o1-baselines/DLinear_ETTh2_336_1.0_0.0_0.0005_type1_10_3_32,0.0,0.0,0.0,None,1.0
Bottleneck_Construct,0,gelu,False,0,0,0.5,0.25,1024,0.0,MAE,fft,complex,0.0,32,1,7,2,48,0.2,32,6,128,1,0,0,/mnt/tidalfs-bdsz01/dataset/llm_ckpt/plc_data/Time-o1/results/o1-baselines/DLinear_ETTh2_720_1.0_0.0_0.0005_type1_10_3_32/checkpoints/,0.06,2048,1,512,ETTh2,ETTh2,ETTh2.csv,1.0,7,0,DLinear,"0,1,2,3",0.5,0.1,time,True,0,,1,0.1,2,timeF,7,[],3,0.05,M,1,2023,h,0.01,0.5,0,0.0,2048,"[50, 20, 10]",0,0.0005,5,1.0,0,None,0,False,1,1,0,3,24,5e-05,48,0.0005,2,,/mnt/tidalfs-bdsz01/dataset/llm_ckpt/plc_data/Time-o1/results/o1-baselines/DLinear_ETTh2_720_1.0_0.0_0.0005_type1_10_3_32/result_long_term_forecast.txt,10,MSE,0.5,type1,3,0.01,0.25,10,1.0,1,0.0005,sgd,all,1e-06,0.3,64,0,DLinear,ETTh2_96_720,0,1,25,8,1,0.05,2023,sin,1,10000,16,6,5,10,adam,emd1d_h,False,False,False,False,0.15,"[128, 128]",2,end,16,14,3,all,0.2,720,,1.0,1.0,imputation,0.1,0,local,True,0,/mnt/tidalfs-bdsz01/dataset/llm_ckpt/plc_data/Time-o1/results/o1-baselines/DLinear_ETTh2_720_1.0_0.0_0.0005_type1_10_3_32/results/,1,/mnt/tidalfs-bdsz01/usr/panlicheng/dataset/ETT-small/,0,2,"[16, 8, 4, 2, 1]",Monthly,96,0,0,1,0.0001,8,0,OT,long_term_forecast,1,/mnt/tidalfs-bdsz01/dataset/llm_ckpt/plc_data/Time-o1/results/o1-baselines/DLinear_ETTh2_720_1.0_0.0_0.0005_type1_10_3_32/test_results/,1,5,10,False,0,True,False,True,0,0,0,0,20,96,softmax,"[4, 4]",db1,0.6262186765670776,0.7571781873703003,0.8701598644256592,1.4519912004470825,234.93760681152344,1.4519912004470825,/mnt/tidalfs-bdsz01/dataset/llm_ckpt/plc_data/Time-o1/results/o1-baselines/DLinear_ETTh2_720_1.0_0.0_0.0005_type1_10_3_32,0.0,0.0,0.0,None,1.0
Bottleneck_Construct,0,gelu,False,0,0,0.5,0.25,1024,0.0,MAE,fft,complex,0.0,32,1,7,2,48,0.2,32,6,128,1,0,0,/mnt/tidalfs-bdsz01/dataset/llm_ckpt/plc_data/Time-o1/results/o1-baselines/DLinear_ETTm1_96_1.0_0.0_0.0005_type1_10_3_32/checkpoints/,0.06,2048,1,512,ETTm1,ETTm1,ETTm1.csv,1.0,7,0,DLinear,"0,1,2,3",0.5,0.1,time,True,0,,1,0.1,2,timeF,7,[],3,0.05,M,1,2023,h,0.01,0.5,0,0.0,2048,"[50, 20, 10]",0,0.0005,5,1.0,0,None,0,False,1,1,0,3,24,5e-05,48,0.0005,2,,/mnt/tidalfs-bdsz01/dataset/llm_ckpt/plc_data/Time-o1/results/o1-baselines/DLinear_ETTm1_96_1.0_0.0_0.0005_type1_10_3_32/result_long_term_forecast.txt,10,MSE,0.5,type1,3,0.01,0.25,10,1.0,1,0.0005,sgd,all,1e-06,0.3,64,0,DLinear,ETTm1_96_96,0,1,25,8,1,0.05,2023,sin,1,10000,16,6,5,10,adam,emd1d_h,False,False,False,False,0.15,"[128, 128]",2,end,16,14,3,all,0.2,96,,1.0,1.0,imputation,0.1,0,local,True,0,/mnt/tidalfs-bdsz01/dataset/llm_ckpt/plc_data/Time-o1/results/o1-baselines/DLinear_ETTm1_96_1.0_0.0_0.0005_type1_10_3_32/results/,1,/mnt/tidalfs-bdsz01/usr/panlicheng/dataset/ETT-small/,0,2,"[16, 8, 4, 2, 1]",Monthly,96,0,0,1,0.0001,8,0,OT,long_term_forecast,1,/mnt/tidalfs-bdsz01/dataset/llm_ckpt/plc_data/Time-o1/results/o1-baselines/DLinear_ETTm1_96_1.0_0.0_0.0005_type1_10_3_32/test_results/,1,5,10,False,0,True,False,True,0,0,0,0,20,96,softmax,"[4, 4]",db1,0.37335026264190674,0.3458496332168579,0.5880898237228394,1.977299690246582,294.7916564941406,1.977299690246582,/mnt/tidalfs-bdsz01/dataset/llm_ckpt/plc_data/Time-o1/results/o1-baselines/DLinear_ETTm1_96_1.0_0.0_0.0005_type1_10_3_32,0.0,0.0,0.0,None,1.0
Bottleneck_Construct,0,gelu,False,0,0,0.5,0.25,1024,0.0,MAE,fft,complex,0.0,32,1,7,2,48,0.2,32,6,128,1,0,0,/mnt/tidalfs-bdsz01/dataset/llm_ckpt/plc_data/Time-o1/results/o1-baselines/DLinear_ETTm1_192_1.0_0.0_0.0005_type1_10_3_32/checkpoints/,0.06,2048,1,512,ETTm1,ETTm1,ETTm1.csv,1.0,7,0,DLinear,"0,1,2,3",0.5,0.1,time,True,0,,1,0.1,2,timeF,7,[],3,0.05,M,1,2023,h,0.01,0.5,0,0.0,2048,"[50, 20, 10]",0,0.0005,5,1.0,0,None,0,False,1,1,0,3,24,5e-05,48,0.0005,2,,/mnt/tidalfs-bdsz01/dataset/llm_ckpt/plc_data/Time-o1/results/o1-baselines/DLinear_ETTm1_192_1.0_0.0_0.0005_type1_10_3_32/result_long_term_forecast.txt,10,MSE,0.5,type1,3,0.01,0.25,10,1.0,1,0.0005,sgd,all,1e-06,0.3,64,0,DLinear,ETTm1_96_192,0,1,25,8,1,0.05,2023,sin,1,10000,16,6,5,10,adam,emd1d_h,False,False,False,False,0.15,"[128, 128]",2,end,16,14,3,all,0.2,192,,1.0,1.0,imputation,0.1,0,local,True,0,/mnt/tidalfs-bdsz01/dataset/llm_ckpt/plc_data/Time-o1/results/o1-baselines/DLinear_ETTm1_192_1.0_0.0_0.0005_type1_10_3_32/results/,1,/mnt/tidalfs-bdsz01/usr/panlicheng/dataset/ETT-small/,0,2,"[16, 8, 4, 2, 1]",Monthly,96,0,0,1,0.0001,8,0,OT,long_term_forecast,1,/mnt/tidalfs-bdsz01/dataset/llm_ckpt/plc_data/Time-o1/results/o1-baselines/DLinear_ETTm1_192_1.0_0.0_0.0005_type1_10_3_32/test_results/,1,5,10,False,0,True,False,True,0,0,0,0,20,96,softmax,"[4, 4]",db1,0.38993409276008606,0.3803097605705261,0.6166926026344299,2.0154173374176025,298.41363525390625,2.0154173374176025,/mnt/tidalfs-bdsz01/dataset/llm_ckpt/plc_data/Time-o1/results/o1-baselines/DLinear_ETTm1_192_1.0_0.0_0.0005_type1_10_3_32,0.0,0.0,0.0,None,1.0
Bottleneck_Construct,0,gelu,False,0,0,0.5,0.25,1024,0.0,MAE,fft,complex,0.0,32,1,7,2,48,0.2,32,6,128,1,0,0,/mnt/tidalfs-bdsz01/dataset/llm_ckpt/plc_data/Time-o1/results/o1-baselines/DLinear_ETTm1_336_1.0_0.0_0.0005_type1_10_3_32/checkpoints/,0.06,2048,1,512,ETTm1,ETTm1,ETTm1.csv,1.0,7,0,DLinear,"0,1,2,3",0.5,0.1,time,True,0,,1,0.1,2,timeF,7,[],3,0.05,M,1,2023,h,0.01,0.5,0,0.0,2048,"[50, 20, 10]",0,0.0005,5,1.0,0,None,0,False,1,1,0,3,24,5e-05,48,0.0005,2,,/mnt/tidalfs-bdsz01/dataset/llm_ckpt/plc_data/Time-o1/results/o1-baselines/DLinear_ETTm1_336_1.0_0.0_0.0005_type1_10_3_32/result_long_term_forecast.txt,10,MSE,0.5,type1,3,0.01,0.25,10,1.0,1,0.0005,sgd,all,1e-06,0.3,64,0,DLinear,ETTm1_96_336,0,1,25,8,1,0.05,2023,sin,1,10000,16,6,5,10,adam,emd1d_h,False,False,False,False,0.15,"[128, 128]",2,end,16,14,3,all,0.2,336,,1.0,1.0,imputation,0.1,0,local,True,0,/mnt/tidalfs-bdsz01/dataset/llm_ckpt/plc_data/Time-o1/results/o1-baselines/DLinear_ETTm1_336_1.0_0.0_0.0005_type1_10_3_32/results/,1,/mnt/tidalfs-bdsz01/usr/panlicheng/dataset/ETT-small/,0,2,"[16, 8, 4, 2, 1]",Monthly,96,0,0,1,0.0001,8,0,OT,long_term_forecast,1,/mnt/tidalfs-bdsz01/dataset/llm_ckpt/plc_data/Time-o1/results/o1-baselines/DLinear_ETTm1_336_1.0_0.0_0.0005_type1_10_3_32/test_results/,1,5,10,False,0,True,False,True,0,0,0,0,20,96,softmax,"[4, 4]",db1,0.4139361083507538,0.41324302554130554,0.642839789390564,2.026536464691162,288.7119140625,2.026536464691162,/mnt/tidalfs-bdsz01/dataset/llm_ckpt/plc_data/Time-o1/results/o1-baselines/DLinear_ETTm1_336_1.0_0.0_0.0005_type1_10_3_32,0.0,0.0,0.0,None,1.0
Bottleneck_Construct,0,gelu,False,0,0,0.5,0.25,1024,0.0,MAE,fft,complex,0.0,32,1,7,2,48,0.2,32,6,128,1,0,0,/mnt/tidalfs-bdsz01/dataset/llm_ckpt/plc_data/Time-o1/results/o1-baselines/DLinear_ETTm1_720_1.0_0.0_0.0005_type1_10_3_32/checkpoints/,0.06,2048,1,512,ETTm1,ETTm1,ETTm1.csv,1.0,7,0,DLinear,"0,1,2,3",0.5,0.1,time,True,0,,1,0.1,2,timeF,7,[],3,0.05,M,1,2023,h,0.01,0.5,0,0.0,2048,"[50, 20, 10]",0,0.0005,5,1.0,0,None,0,False,1,1,0,3,24,5e-05,48,0.0005,2,,/mnt/tidalfs-bdsz01/dataset/llm_ckpt/plc_data/Time-o1/results/o1-baselines/DLinear_ETTm1_720_1.0_0.0_0.0005_type1_10_3_32/result_long_term_forecast.txt,10,MSE,0.5,type1,3,0.01,0.25,10,1.0,1,0.0005,sgd,all,1e-06,0.3,64,0,DLinear,ETTm1_96_720,0,1,25,8,1,0.05,2023,sin,1,10000,16,6,5,10,adam,emd1d_h,False,False,False,False,0.15,"[128, 128]",2,end,16,14,3,all,0.2,720,,1.0,1.0,imputation,0.1,0,local,True,0,/mnt/tidalfs-bdsz01/dataset/llm_ckpt/plc_data/Time-o1/results/o1-baselines/DLinear_ETTm1_720_1.0_0.0_0.0005_type1_10_3_32/results/,1,/mnt/tidalfs-bdsz01/usr/panlicheng/dataset/ETT-small/,0,2,"[16, 8, 4, 2, 1]",Monthly,96,0,0,1,0.0001,8,0,OT,long_term_forecast,1,/mnt/tidalfs-bdsz01/dataset/llm_ckpt/plc_data/Time-o1/results/o1-baselines/DLinear_ETTm1_720_1.0_0.0_0.0005_type1_10_3_32/test_results/,1,5,10,False,0,True,False,True,0,0,0,0,20,96,softmax,"[4, 4]",db1,0.4498627185821533,0.4717453122138977,0.6868371963500977,2.1335513591766357,322.369140625,2.1335513591766357,/mnt/tidalfs-bdsz01/dataset/llm_ckpt/plc_data/Time-o1/results/o1-baselines/DLinear_ETTm1_720_1.0_0.0_0.0005_type1_10_3_32,0.0,0.0,0.0,None,1.0
Bottleneck_Construct,0,gelu,False,0,0,0.5,0.25,1024,0.0,MAE,fft,complex,0.0,32,1,7,2,48,0.2,32,6,128,1,0,0,/mnt/tidalfs-bdsz01/dataset/llm_ckpt/plc_data/Time-o1/results/o1-baselines/DLinear_ETTm2_96_1.0_0.0_0.0005_type1_10_3_32/checkpoints/,0.06,2048,1,512,ETTm2,ETTm2,ETTm2.csv,1.0,7,0,DLinear,"0,1,2,3",0.5,0.1,time,True,0,,1,0.1,2,timeF,7,[],3,0.05,M,1,2023,h,0.01,0.5,0,0.0,2048,"[50, 20, 10]",0,0.0005,5,1.0,0,None,0,False,1,1,0,3,24,5e-05,48,0.0005,2,,/mnt/tidalfs-bdsz01/dataset/llm_ckpt/plc_data/Time-o1/results/o1-baselines/DLinear_ETTm2_96_1.0_0.0_0.0005_type1_10_3_32/result_long_term_forecast.txt,10,MSE,0.5,type1,3,0.01,0.25,10,1.0,1,0.0005,sgd,all,1e-06,0.3,64,0,DLinear,ETTm2_96_96,0,1,25,8,1,0.05,2023,sin,1,10000,16,6,5,10,adam,emd1d_h,False,False,False,False,0.15,"[128, 128]",2,end,16,14,3,all,0.2,96,,1.0,1.0,imputation,0.1,0,local,True,0,/mnt/tidalfs-bdsz01/dataset/llm_ckpt/plc_data/Time-o1/results/o1-baselines/DLinear_ETTm2_96_1.0_0.0_0.0005_type1_10_3_32/results/,1,/mnt/tidalfs-bdsz01/usr/panlicheng/dataset/ETT-small/,0,2,"[16, 8, 4, 2, 1]",Monthly,96,0,0,1,0.0001,8,0,OT,long_term_forecast,1,/mnt/tidalfs-bdsz01/dataset/llm_ckpt/plc_data/Time-o1/results/o1-baselines/DLinear_ETTm2_96_1.0_0.0_0.0005_type1_10_3_32/test_results/,1,5,10,False,0,True,False,True,0,0,0,0,20,96,softmax,"[4, 4]",db1,0.28294479846954346,0.18788272142410278,0.43345439434051514,1.110853672027588,229.47445678710938,1.110853672027588,/mnt/tidalfs-bdsz01/dataset/llm_ckpt/plc_data/Time-o1/results/o1-baselines/DLinear_ETTm2_96_1.0_0.0_0.0005_type1_10_3_32,0.0,0.0,0.0,None,1.0
Bottleneck_Construct,0,gelu,False,0,0,0.5,0.25,1024,0.0,MAE,fft,complex,0.0,32,1,7,2,48,0.2,32,6,128,1,0,0,/mnt/tidalfs-bdsz01/dataset/llm_ckpt/plc_data/Time-o1/results/o1-baselines/DLinear_ETTm2_192_1.0_0.0_0.0005_type1_10_3_32/checkpoints/,0.06,2048,1,512,ETTm2,ETTm2,ETTm2.csv,1.0,7,0,DLinear,"0,1,2,3",0.5,0.1,time,True,0,,1,0.1,2,timeF,7,[],3,0.05,M,1,2023,h,0.01,0.5,0,0.0,2048,"[50, 20, 10]",0,0.0005,5,1.0,0,None,0,False,1,1,0,3,24,5e-05,48,0.0005,2,,/mnt/tidalfs-bdsz01/dataset/llm_ckpt/plc_data/Time-o1/results/o1-baselines/DLinear_ETTm2_192_1.0_0.0_0.0005_type1_10_3_32/result_long_term_forecast.txt,10,MSE,0.5,type1,3,0.01,0.25,10,1.0,1,0.0005,sgd,all,1e-06,0.3,64,0,DLinear,ETTm2_96_192,0,1,25,8,1,0.05,2023,sin,1,10000,16,6,5,10,adam,emd1d_h,False,False,False,False,0.15,"[128, 128]",2,end,16,14,3,all,0.2,192,,1.0,1.0,imputation,0.1,0,local,True,0,/mnt/tidalfs-bdsz01/dataset/llm_ckpt/plc_data/Time-o1/results/o1-baselines/DLinear_ETTm2_192_1.0_0.0_0.0005_type1_10_3_32/results/,1,/mnt/tidalfs-bdsz01/usr/panlicheng/dataset/ETT-small/,0,2,"[16, 8, 4, 2, 1]",Monthly,96,0,0,1,0.0001,8,0,OT,long_term_forecast,1,/mnt/tidalfs-bdsz01/dataset/llm_ckpt/plc_data/Time-o1/results/o1-baselines/DLinear_ETTm2_192_1.0_0.0_0.0005_type1_10_3_32/test_results/,1,5,10,False,0,True,False,True,0,0,0,0,20,96,softmax,"[4, 4]",db1,0.3557722568511963,0.27969467639923096,0.5288617014884949,1.162353277206421,208.319091796875,1.162353277206421,/mnt/tidalfs-bdsz01/dataset/llm_ckpt/plc_data/Time-o1/results/o1-baselines/DLinear_ETTm2_192_1.0_0.0_0.0005_type1_10_3_32,0.0,0.0,0.0,None,1.0
Bottleneck_Construct,0,gelu,False,0,0,0.5,0.25,1024,0.0,MAE,fft,complex,0.0,32,1,7,2,48,0.2,32,6,128,1,0,0,/mnt/tidalfs-bdsz01/dataset/llm_ckpt/plc_data/Time-o1/results/o1-baselines/DLinear_ETTm2_336_1.0_0.0_0.0005_type1_10_3_32/checkpoints/,0.06,2048,1,512,ETTm2,ETTm2,ETTm2.csv,1.0,7,0,DLinear,"0,1,2,3",0.5,0.1,time,True,0,,1,0.1,2,timeF,7,[],3,0.05,M,1,2023,h,0.01,0.5,0,0.0,2048,"[50, 20, 10]",0,0.0005,5,1.0,0,None,0,False,1,1,0,3,24,5e-05,48,0.0005,2,,/mnt/tidalfs-bdsz01/dataset/llm_ckpt/plc_data/Time-o1/results/o1-baselines/DLinear_ETTm2_336_1.0_0.0_0.0005_type1_10_3_32/result_long_term_forecast.txt,10,MSE,0.5,type1,3,0.01,0.25,10,1.0,1,0.0005,sgd,all,1e-06,0.3,64,0,DLinear,ETTm2_96_336,0,1,25,8,1,0.05,2023,sin,1,10000,16,6,5,10,adam,emd1d_h,False,False,False,False,0.15,"[128, 128]",2,end,16,14,3,all,0.2,336,,1.0,1.0,imputation,0.1,0,local,True,0,/mnt/tidalfs-bdsz01/dataset/llm_ckpt/plc_data/Time-o1/results/o1-baselines/DLinear_ETTm2_336_1.0_0.0_0.0005_type1_10_3_32/results/,1,/mnt/tidalfs-bdsz01/usr/panlicheng/dataset/ETT-small/,0,2,"[16, 8, 4, 2, 1]",Monthly,96,0,0,1,0.0001,8,0,OT,long_term_forecast,1,/mnt/tidalfs-bdsz01/dataset/llm_ckpt/plc_data/Time-o1/results/o1-baselines/DLinear_ETTm2_336_1.0_0.0_0.0005_type1_10_3_32/test_results/,1,5,10,False,0,True,False,True,0,0,0,0,20,96,softmax,"[4, 4]",db1,0.4202502965927124,0.3753751218318939,0.6126786470413208,1.2164746522903442,207.50750732421875,1.2164746522903442,/mnt/tidalfs-bdsz01/dataset/llm_ckpt/plc_data/Time-o1/results/o1-baselines/DLinear_ETTm2_336_1.0_0.0_0.0005_type1_10_3_32,0.0,0.0,0.0,None,1.0
Bottleneck_Construct,0,gelu,False,0,0,0.5,0.25,1024,0.0,MAE,fft,complex,0.0,32,1,7,2,48,0.2,32,6,128,1,0,0,/mnt/tidalfs-bdsz01/dataset/llm_ckpt/plc_data/Time-o1/results/o1-baselines/DLinear_ETTm2_720_1.0_0.0_0.0005_type1_10_3_32/checkpoints/,0.06,2048,1,512,ETTm2,ETTm2,ETTm2.csv,1.0,7,0,DLinear,"0,1,2,3",0.5,0.1,time,True,0,,1,0.1,2,timeF,7,[],3,0.05,M,1,2023,h,0.01,0.5,0,0.0,2048,"[50, 20, 10]",0,0.0005,5,1.0,0,None,0,False,1,1,0,3,24,5e-05,48,0.0005,2,,/mnt/tidalfs-bdsz01/dataset/llm_ckpt/plc_data/Time-o1/results/o1-baselines/DLinear_ETTm2_720_1.0_0.0_0.0005_type1_10_3_32/result_long_term_forecast.txt,10,MSE,0.5,type1,3,0.01,0.25,10,1.0,1,0.0005,sgd,all,1e-06,0.3,64,0,DLinear,ETTm2_96_720,0,1,25,8,1,0.05,2023,sin,1,10000,16,6,5,10,adam,emd1d_h,False,False,False,False,0.15,"[128, 128]",2,end,16,14,3,all,0.2,720,,1.0,1.0,imputation,0.1,0,local,True,0,/mnt/tidalfs-bdsz01/dataset/llm_ckpt/plc_data/Time-o1/results/o1-baselines/DLinear_ETTm2_720_1.0_0.0_0.0005_type1_10_3_32/results/,1,/mnt/tidalfs-bdsz01/usr/panlicheng/dataset/ETT-small/,0,2,"[16, 8, 4, 2, 1]",Monthly,96,0,0,1,0.0001,8,0,OT,long_term_forecast,1,/mnt/tidalfs-bdsz01/dataset/llm_ckpt/plc_data/Time-o1/results/o1-baselines/DLinear_ETTm2_720_1.0_0.0_0.0005_type1_10_3_32/test_results/,1,5,10,False,0,True,False,True,0,0,0,0,20,96,softmax,"[4, 4]",db1,0.5081155300140381,0.5257719159126282,0.7251012921333313,1.3036129474639893,220.3450927734375,1.3036129474639893,/mnt/tidalfs-bdsz01/dataset/llm_ckpt/plc_data/Time-o1/results/o1-baselines/DLinear_ETTm2_720_1.0_0.0_0.0005_type1_10_3_32,0.0,0.0,0.0,None,1.0
Bottleneck_Construct,0,gelu,False,0,0,0.5,0.25,1024,0.4,MAE,basis,pca,0.0,32,1,21,2,48,0.2,32,6,128,1,0,0,/mnt/tidalfs-bdsz01/dataset/llm_ckpt/plc_data/Time-o1/results/repro/FreTS_Weather_96_0.6_0.4_0.001_type1_10_10_32_MAE_0_1_T_0.1/checkpoints/,0.06,2048,1,512,custom_PCA,Weather,weather.csv,1.0,21,0,FreTS,"0,1,2,3",0.5,0.1,time,True,0,,1,0.1,2,timeF,21,[],3,0.05,M,1,2023,h,0.01,0.5,0,0.0,2048,"[50, 20, 10]",0,0.0005,5,1.0,0,None,0,False,1,1,0,3,24,5e-05,48,0.001,2,/mnt/tidalfs-bdsz01/dataset/llm_ckpt/plc_data/Time-o1/projections/PCA/Weather,/mnt/tidalfs-bdsz01/dataset/llm_ckpt/plc_data/Time-o1/results/repro/FreTS_Weather_96_0.6_0.4_0.001_type1_10_10_32_MAE_0_1_T_0.1/result_long_term_forecast.txt,10,MSE,0.5,type1,3,0.01,0.25,10,1.0,1,0.0005,sgd,all,1e-06,0.3,64,0,Time-o1,Weather_96_96,0,1,25,8,1,0.05,2023,sin,1,10000,16,6,5,10,adam,emd1d_h,False,False,False,False,0.15,"[128, 128]",2,end,16,14,10,T,0.2,96,,0.1,0.6,imputation,0.1,1,local,True,0,/mnt/tidalfs-bdsz01/dataset/llm_ckpt/plc_data/Time-o1/results/repro/FreTS_Weather_96_0.6_0.4_0.001_type1_10_10_32_MAE_0_1_T_0.1/results/,1,/mnt/tidalfs-bdsz01/usr/panlicheng/dataset/weather/,0,2,"[16, 8, 4, 2, 1]",Monthly,96,0,2,1,0.0001,8,0,OT,long_term_forecast,1,/mnt/tidalfs-bdsz01/dataset/llm_ckpt/plc_data/Time-o1/results/repro/FreTS_Weather_96_0.6_0.4_0.001_type1_10_10_32_MAE_0_1_T_0.1/test_results/,1,5,10,False,0,True,False,True,0,0,0,0,20,96,softmax,"[4, 4]",db1,0.21907737851142883,0.16970941424369812,0.4119580388069153,2.683366298675537,73306.4375,2.683366298675537,/mnt/tidalfs-bdsz01/dataset/llm_ckpt/plc_data/Time-o1/results/repro/FreTS_Weather_96_0.6_0.4_0.001_type1_10_10_32_MAE_0_1_T_0.1,,,,,
Bottleneck_Construct,0,gelu,False,0,0,0.5,0.25,1024,0.5,MAE,basis,pca,0.0,32,1,21,2,48,0.2,32,6,128,1,0,0,/mnt/tidalfs-bdsz01/dataset/llm_ckpt/plc_data/Time-o1/results/repro/FreTS_Weather_192_0.5_0.5_0.001_type1_10_10_32_MAE_0_1_T_0.1/checkpoints/,0.06,2048,1,512,custom_PCA,Weather,weather.csv,1.0,21,0,FreTS,"0,1,2,3",0.5,0.1,time,True,0,,1,0.1,2,timeF,21,[],3,0.05,M,1,2023,h,0.01,0.5,0,0.0,2048,"[50, 20, 10]",0,0.0005,5,1.0,0,None,0,False,1,1,0,3,24,5e-05,48,0.001,2,/mnt/tidalfs-bdsz01/dataset/llm_ckpt/plc_data/Time-o1/projections/PCA/Weather,/mnt/tidalfs-bdsz01/dataset/llm_ckpt/plc_data/Time-o1/results/repro/FreTS_Weather_192_0.5_0.5_0.001_type1_10_10_32_MAE_0_1_T_0.1/result_long_term_forecast.txt,10,MSE,0.5,type1,3,0.01,0.25,10,1.0,1,0.0005,sgd,all,1e-06,0.3,64,0,Time-o1,Weather_96_192,0,1,25,8,1,0.05,2023,sin,1,10000,16,6,5,10,adam,emd1d_h,False,False,False,False,0.15,"[128, 128]",2,end,16,14,10,T,0.2,192,,0.1,0.5,imputation,0.1,1,local,True,0,/mnt/tidalfs-bdsz01/dataset/llm_ckpt/plc_data/Time-o1/results/repro/FreTS_Weather_192_0.5_0.5_0.001_type1_10_10_32_MAE_0_1_T_0.1/results/,1,/mnt/tidalfs-bdsz01/usr/panlicheng/dataset/weather/,0,2,"[16, 8, 4, 2, 1]",Monthly,96,0,2,1,0.0001,8,0,OT,long_term_forecast,1,/mnt/tidalfs-bdsz01/dataset/llm_ckpt/plc_data/Time-o1/results/repro/FreTS_Weather_192_0.5_0.5_0.001_type1_10_10_32_MAE_0_1_T_0.1/test_results/,1,5,10,False,0,True,False,True,0,0,0,0,20,96,softmax,"[4, 4]",db1,0.26107731461524963,0.2110011875629425,0.4593486487865448,2.8958940505981445,66312.9609375,2.8958940505981445,/mnt/tidalfs-bdsz01/dataset/llm_ckpt/plc_data/Time-o1/results/repro/FreTS_Weather_192_0.5_0.5_0.001_type1_10_10_32_MAE_0_1_T_0.1,,,,,
Bottleneck_Construct,0,gelu,False,0,0,0.5,0.25,1024,0.9,MAE,basis,pca,0.0,32,1,21,2,48,0.2,32,6,128,1,0,0,/mnt/tidalfs-bdsz01/dataset/llm_ckpt/plc_data/Time-o1/results/repro/FreTS_Weather_336_0.1_0.9_0.001_type1_10_10_32_MAE_0_1_T_0.3/checkpoints/,0.06,2048,1,512,custom_PCA,Weather,weather.csv,1.0,21,0,FreTS,"0,1,2,3",0.5,0.1,time,True,0,,1,0.1,2,timeF,21,[],3,0.05,M,1,2023,h,0.01,0.5,0,0.0,2048,"[50, 20, 10]",0,0.0005,5,1.0,0,None,0,False,1,1,0,3,24,5e-05,48,0.001,2,/mnt/tidalfs-bdsz01/dataset/llm_ckpt/plc_data/Time-o1/projections/PCA/Weather,/mnt/tidalfs-bdsz01/dataset/llm_ckpt/plc_data/Time-o1/results/repro/FreTS_Weather_336_0.1_0.9_0.001_type1_10_10_32_MAE_0_1_T_0.3/result_long_term_forecast.txt,10,MSE,0.5,type1,3,0.01,0.25,10,1.0,1,0.0005,sgd,all,1e-06,0.3,64,0,Time-o1,Weather_96_336,0,1,25,8,1,0.05,2023,sin,1,10000,16,6,5,10,adam,emd1d_h,False,False,False,False,0.15,"[128, 128]",2,end,16,14,10,T,0.2,336,,0.3,0.1,imputation,0.1,1,local,True,0,/mnt/tidalfs-bdsz01/dataset/llm_ckpt/plc_data/Time-o1/results/repro/FreTS_Weather_336_0.1_0.9_0.001_type1_10_10_32_MAE_0_1_T_0.3/results/,1,/mnt/tidalfs-bdsz01/usr/panlicheng/dataset/weather/,0,2,"[16, 8, 4, 2, 1]",Monthly,96,0,2,1,0.0001,8,0,OT,long_term_forecast,1,/mnt/tidalfs-bdsz01/dataset/llm_ckpt/plc_data/Time-o1/results/repro/FreTS_Weather_336_0.1_0.9_0.001_type1_10_10_32_MAE_0_1_T_0.3/test_results/,1,5,10,False,0,True,False,True,0,0,0,0,20,96,softmax,"[4, 4]",db1,0.29679563641548157,0.25836101174354553,0.5082922577857971,3.0216164588928223,72081.0546875,3.0216164588928223,/mnt/tidalfs-bdsz01/dataset/llm_ckpt/plc_data/Time-o1/results/repro/FreTS_Weather_336_0.1_0.9_0.001_type1_10_10_32_MAE_0_1_T_0.3,,,,,
Bottleneck_Construct,0,gelu,False,0,0,0.5,0.25,1024,0.8,MAE,basis,pca,0.0,32,1,21,2,48,0.2,32,6,128,1,0,0,/mnt/tidalfs-bdsz01/dataset/llm_ckpt/plc_data/Time-o1/results/repro/FreTS_Weather_720_0.2_0.8_0.001_type1_10_10_32_MAE_0_1_T_0.3/checkpoints/,0.06,2048,1,512,custom_PCA,Weather,weather.csv,1.0,21,0,FreTS,"0,1,2,3",0.5,0.1,time,True,0,,1,0.1,2,timeF,21,[],3,0.05,M,1,2023,h,0.01,0.5,0,0.0,2048,"[50, 20, 10]",0,0.0005,5,1.0,0,None,0,False,1,1,0,3,24,5e-05,48,0.001,2,/mnt/tidalfs-bdsz01/dataset/llm_ckpt/plc_data/Time-o1/projections/PCA/Weather,/mnt/tidalfs-bdsz01/dataset/llm_ckpt/plc_data/Time-o1/results/repro/FreTS_Weather_720_0.2_0.8_0.001_type1_10_10_32_MAE_0_1_T_0.3/result_long_term_forecast.txt,10,MSE,0.5,type1,3,0.01,0.25,10,1.0,1,0.0005,sgd,all,1e-06,0.3,64,0,Time-o1,Weather_96_720,0,1,25,8,1,0.05,2023,sin,1,10000,16,6,5,10,adam,emd1d_h,False,False,False,False,0.15,"[128, 128]",2,end,16,14,10,T,0.2,720,,0.3,0.2,imputation,0.1,1,local,True,0,/mnt/tidalfs-bdsz01/dataset/llm_ckpt/plc_data/Time-o1/results/repro/FreTS_Weather_720_0.2_0.8_0.001_type1_10_10_32_MAE_0_1_T_0.3/results/,1,/mnt/tidalfs-bdsz01/usr/panlicheng/dataset/weather/,0,2,"[16, 8, 4, 2, 1]",Monthly,96,0,2,1,0.0001,8,0,OT,long_term_forecast,1,/mnt/tidalfs-bdsz01/dataset/llm_ckpt/plc_data/Time-o1/results/repro/FreTS_Weather_720_0.2_0.8_0.001_type1_10_10_32_MAE_0_1_T_0.3/test_results/,1,5,10,False,0,True,False,True,0,0,0,0,20,96,softmax,"[4, 4]",db1,0.35003289580345154,0.32787176966667175,0.5726009011268616,2.857318639755249,37349.80859375,2.857318639755249,/mnt/tidalfs-bdsz01/dataset/llm_ckpt/plc_data/Time-o1/results/repro/FreTS_Weather_720_0.2_0.8_0.001_type1_10_10_32_MAE_0_1_T_0.3,,,,,
Bottleneck_Construct,0,gelu,False,0,0,0.5,0.25,1024,1.0,MAE,basis,pca,0.0,128,1,7,2,128,0.2,32,8,96,1,0,0,/mnt/tidalfs-bdsz01/dataset/llm_ckpt/plc_data/Time-o1/results/repro/Fredformer_ETTh1_96_0.0_1.0_0.0005_type3_100_10_128_128_2_8_96_32_MAE_0_1_T_1.0/checkpoints/,0.06,128,1,24,ETTh1_PCA,ETTh1,ETTh1.csv,1.0,7,0,Fredformer,"0,1,2,3",0.5,0.1,time,True,0,,1,0.3,2,timeF,7,[],1,0.3,M,1,2023,h,0.01,0.5,0,0.0,2048,"[50, 20, 10]",0,0.0005,5,1.0,0,None,0,False,1,1,0,3,24,5e-05,48,0.0005,2,/mnt/tidalfs-bdsz01/dataset/llm_ckpt/plc_data/Time-o1/projections/PCA/ETTh1,/mnt/tidalfs-bdsz01/dataset/llm_ckpt/plc_data/Time-o1/results/repro/Fredformer_ETTh1_96_0.0_1.0_0.0005_type3_100_10_128_128_2_8_96_32_MAE_0_1_T_1.0/result_long_term_forecast.txt,10,MSE,0.5,type3,3,0.01,0.25,10,1.0,1,0.0005,sgd,all,1e-06,0.3,64,0,Time-o1,ETTh1_96_96,0,1,25,8,1,0.05,2023,sin,1,10000,16,6,5,10,adam,emd1d_h,False,False,False,False,0.15,"[128, 128]",2,end,4,14,10,T,0.2,96,,1.0,0.0,imputation,0.1,1,local,True,1,/mnt/tidalfs-bdsz01/dataset/llm_ckpt/plc_data/Time-o1/results/repro/Fredformer_ETTh1_96_0.0_1.0_0.0005_type3_100_10_128_128_2_8_96_32_MAE_0_1_T_1.0/results/,1,/mnt/tidalfs-bdsz01/usr/panlicheng/dataset/ETT-small/,0,2,"[16, 8, 4, 2, 1]",Monthly,96,0,2,1,0.0001,4,0,OT,long_term_forecast,1,/mnt/tidalfs-bdsz01/dataset/llm_ckpt/plc_data/Time-o1/results/repro/Fredformer_ETTh1_96_0.0_1.0_0.0005_type3_100_10_128_128_2_8_96_32_MAE_0_1_T_1.0/test_results/,1,5,100,False,0,True,False,True,0,0,0,0,20,96,softmax,"[4, 4]",db1,0.3907652199268341,0.3680024743080139,0.6066320538520813,9.508021354675293,41649.53125,9.508021354675293,/mnt/tidalfs-bdsz01/dataset/llm_ckpt/plc_data/Time-o1/results/repro/Fredformer_ETTh1_96_0.0_1.0_0.0005_type3_100_10_128_128_2_8_96_32_MAE_0_1_T_1.0,,,,,
Bottleneck_Construct,0,gelu,False,0,0,0.5,0.25,1024,1.0,MAE,basis,pca,0.0,128,1,7,2,128,0.2,32,8,96,1,0,0,/mnt/tidalfs-bdsz01/dataset/llm_ckpt/plc_data/Time-o1/results/repro/Fredformer_ETTh1_192_0.0_1.0_0.0005_type3_100_10_128_128_2_8_96_32_MAE_0_1_T_1.0/checkpoints/,0.06,128,1,24,ETTh1_PCA,ETTh1,ETTh1.csv,1.0,7,0,Fredformer,"0,1,2,3",0.5,0.1,time,True,0,,1,0.3,2,timeF,7,[],1,0.3,M,1,2023,h,0.01,0.5,0,0.0,2048,"[50, 20, 10]",0,0.0005,5,1.0,0,None,0,False,1,1,0,3,24,5e-05,48,0.0005,2,/mnt/tidalfs-bdsz01/dataset/llm_ckpt/plc_data/Time-o1/projections/PCA/ETTh1,/mnt/tidalfs-bdsz01/dataset/llm_ckpt/plc_data/Time-o1/results/repro/Fredformer_ETTh1_192_0.0_1.0_0.0005_type3_100_10_128_128_2_8_96_32_MAE_0_1_T_1.0/result_long_term_forecast.txt,10,MSE,0.5,type3,3,0.01,0.25,10,1.0,1,0.0005,sgd,all,1e-06,0.3,64,0,Time-o1,ETTh1_96_192,0,1,25,8,1,0.05,2023,sin,1,10000,16,6,5,10,adam,emd1d_h,False,False,False,False,0.15,"[128, 128]",2,end,4,14,10,T,0.2,192,,1.0,0.0,imputation,0.1,1,local,True,1,/mnt/tidalfs-bdsz01/dataset/llm_ckpt/plc_data/Time-o1/results/repro/Fredformer_ETTh1_192_0.0_1.0_0.0005_type3_100_10_128_128_2_8_96_32_MAE_0_1_T_1.0/results/,1,/mnt/tidalfs-bdsz01/usr/panlicheng/dataset/ETT-small/,0,2,"[16, 8, 4, 2, 1]",Monthly,96,0,2,1,0.0001,4,0,OT,long_term_forecast,1,/mnt/tidalfs-bdsz01/dataset/llm_ckpt/plc_data/Time-o1/results/repro/Fredformer_ETTh1_192_0.0_1.0_0.0005_type3_100_10_128_128_2_8_96_32_MAE_0_1_T_1.0/test_results/,1,5,100,False,0,True,False,True,0,0,0,0,20,96,softmax,"[4, 4]",db1,0.42195531725883484,0.42408889532089233,0.6512210965156555,9.84122371673584,39907.88671875,9.84122371673584,/mnt/tidalfs-bdsz01/dataset/llm_ckpt/plc_data/Time-o1/results/repro/Fredformer_ETTh1_192_0.0_1.0_0.0005_type3_100_10_128_128_2_8_96_32_MAE_0_1_T_1.0,,,,,
Bottleneck_Construct,0,gelu,False,0,0,0.5,0.25,1024,1.0,MAE,basis,pca,0.0,128,1,7,2,128,0.2,32,8,96,1,0,0,/mnt/tidalfs-bdsz01/dataset/llm_ckpt/plc_data/Time-o1/results/repro/Fredformer_ETTh1_336_0.0_1.0_0.0005_type3_100_10_128_128_2_8_96_32_MAE_0_1_T_1.0/checkpoints/,0.06,128,1,24,ETTh1_PCA,ETTh1,ETTh1.csv,1.0,7,0,Fredformer,"0,1,2,3",0.5,0.1,time,True,0,,1,0.3,2,timeF,7,[],1,0.3,M,1,2023,h,0.01,0.5,0,0.0,2048,"[50, 20, 10]",0,0.0005,5,1.0,0,None,0,False,1,1,0,3,24,5e-05,48,0.0005,2,/mnt/tidalfs-bdsz01/dataset/llm_ckpt/plc_data/Time-o1/projections/PCA/ETTh1,/mnt/tidalfs-bdsz01/dataset/llm_ckpt/plc_data/Time-o1/results/repro/Fredformer_ETTh1_336_0.0_1.0_0.0005_type3_100_10_128_128_2_8_96_32_MAE_0_1_T_1.0/result_long_term_forecast.txt,10,MSE,0.5,type3,3,0.01,0.25,10,1.0,1,0.0005,sgd,all,1e-06,0.3,64,0,Time-o1,ETTh1_96_336,0,1,25,8,1,0.05,2023,sin,1,10000,16,6,5,10,adam,emd1d_h,False,False,False,False,0.15,"[128, 128]",2,end,4,14,10,T,0.2,336,,1.0,0.0,imputation,0.1,1,local,True,1,/mnt/tidalfs-bdsz01/dataset/llm_ckpt/plc_data/Time-o1/results/repro/Fredformer_ETTh1_336_0.0_1.0_0.0005_type3_100_10_128_128_2_8_96_32_MAE_0_1_T_1.0/results/,1,/mnt/tidalfs-bdsz01/usr/panlicheng/dataset/ETT-small/,0,2,"[16, 8, 4, 2, 1]",Monthly,96,0,2,1,0.0001,4,0,OT,long_term_forecast,1,/mnt/tidalfs-bdsz01/dataset/llm_ckpt/plc_data/Time-o1/results/repro/Fredformer_ETTh1_336_0.0_1.0_0.0005_type3_100_10_128_128_2_8_96_32_MAE_0_1_T_1.0/test_results/,1,5,100,False,0,True,False,True,0,0,0,0,20,96,softmax,"[4, 4]",db1,0.44135648012161255,0.4669598639011383,0.6833446025848389,9.540704727172852,37388.44921875,9.540704727172852,/mnt/tidalfs-bdsz01/dataset/llm_ckpt/plc_data/Time-o1/results/repro/Fredformer_ETTh1_336_0.0_1.0_0.0005_type3_100_10_128_128_2_8_96_32_MAE_0_1_T_1.0,,,,,
Bottleneck_Construct,0,gelu,False,0,0,0.5,0.25,1024,1.0,MAE,basis,pca,0.0,128,1,7,2,128,0.2,32,8,96,1,0,0,/mnt/tidalfs-bdsz01/dataset/llm_ckpt/plc_data/Time-o1/results/repro/Fredformer_ETTh1_720_0.0_1.0_0.0005_type3_100_10_128_128_2_8_96_32_MAE_0_1_T_0.9/checkpoints/,0.06,128,1,24,ETTh1_PCA,ETTh1,ETTh1.csv,1.0,7,0,Fredformer,"0,1,2,3",0.5,0.1,time,True,0,,1,0.3,2,timeF,7,[],1,0.3,M,1,2023,h,0.01,0.5,0,0.0,2048,"[50, 20, 10]",0,0.0005,5,1.0,0,None,0,False,1,1,0,3,24,5e-05,48,0.0005,2,/mnt/tidalfs-bdsz01/dataset/llm_ckpt/plc_data/Time-o1/projections/PCA/ETTh1,/mnt/tidalfs-bdsz01/dataset/llm_ckpt/plc_data/Time-o1/results/repro/Fredformer_ETTh1_720_0.0_1.0_0.0005_type3_100_10_128_128_2_8_96_32_MAE_0_1_T_0.9/result_long_term_forecast.txt,10,MSE,0.5,type3,3,0.01,0.25,10,1.0,1,0.0005,sgd,all,1e-06,0.3,64,0,Time-o1,ETTh1_96_720,0,1,25,8,1,0.05,2023,sin,1,10000,16,6,5,10,adam,emd1d_h,False,False,False,False,0.15,"[128, 128]",2,end,4,14,10,T,0.2,720,,0.9,0.0,imputation,0.1,1,local,True,1,/mnt/tidalfs-bdsz01/dataset/llm_ckpt/plc_data/Time-o1/results/repro/Fredformer_ETTh1_720_0.0_1.0_0.0005_type3_100_10_128_128_2_8_96_32_MAE_0_1_T_0.9/results/,1,/mnt/tidalfs-bdsz01/usr/panlicheng/dataset/ETT-small/,0,2,"[16, 8, 4, 2, 1]",Monthly,96,0,2,1,0.0001,4,0,OT,long_term_forecast,1,/mnt/tidalfs-bdsz01/dataset/llm_ckpt/plc_data/Time-o1/results/repro/Fredformer_ETTh1_720_0.0_1.0_0.0005_type3_100_10_128_128_2_8_96_32_MAE_0_1_T_0.9/test_results/,1,5,100,False,0,True,False,True,0,0,0,0,20,96,softmax,"[4, 4]",db1,0.46314412355422974,0.46493247151374817,0.68185955286026,9.452590942382812,35883.56640625,9.452590942382812,/mnt/tidalfs-bdsz01/dataset/llm_ckpt/plc_data/Time-o1/results/repro/Fredformer_ETTh1_720_0.0_1.0_0.0005_type3_100_10_128_128_2_8_96_32_MAE_0_1_T_0.9,,,,,
Bottleneck_Construct,0,gelu,False,0,0,0.5,0.25,1024,1.0,MAE,basis,pca,0.0,128,1,7,2,164,0.2,32,8,96,1,0,0,/mnt/tidalfs-bdsz01/dataset/llm_ckpt/plc_data/Time-o1/results/repro/Fredformer_ETTh2_96_0.0_1.0_0.00005_type3_100_10_128_164_2_8_96_32_MAE_0_1_T_1.0/checkpoints/,0.06,128,1,48,ETTh2_PCA,ETTh2,ETTh2.csv,1.0,7,0,Fredformer,"0,1,2,3",0.5,0.1,time,True,0,,1,0.3,3,timeF,7,[],1,0.3,M,1,2023,h,0.01,0.5,0,0.0,2048,"[50, 20, 10]",0,0.0005,5,1.0,0,None,0,False,1,1,0,3,24,5e-05,48,5e-05,2,/mnt/tidalfs-bdsz01/dataset/llm_ckpt/plc_data/Time-o1/projections/PCA/ETTh2,/mnt/tidalfs-bdsz01/dataset/llm_ckpt/plc_data/Time-o1/results/repro/Fredformer_ETTh2_96_0.0_1.0_0.00005_type3_100_10_128_164_2_8_96_32_MAE_0_1_T_1.0/result_long_term_forecast.txt,10,MSE,0.5,type3,3,0.01,0.25,10,1.0,1,0.0005,sgd,all,1e-06,0.3,64,0,Time-o1,ETTh2_96_96,0,1,25,4,1,0.05,2023,sin,1,10000,16,6,5,10,adam,emd1d_h,False,False,False,False,0.15,"[128, 128]",2,end,4,14,10,T,0.2,96,,1.0,0.0,imputation,0.1,1,local,True,1,/mnt/tidalfs-bdsz01/dataset/llm_ckpt/plc_data/Time-o1/results/repro/Fredformer_ETTh2_96_0.0_1.0_0.00005_type3_100_10_128_164_2_8_96_32_MAE_0_1_T_1.0/results/,1,/mnt/tidalfs-bdsz01/usr/panlicheng/dataset/ETT-small/,0,2,"[16, 8, 4, 2, 1]",Monthly,96,0,2,1,0.0001,4,0,OT,long_term_forecast,1,/mnt/tidalfs-bdsz01/dataset/llm_ckpt/plc_data/Time-o1/results/repro/Fredformer_ETTh2_96_0.0_1.0_0.00005_type3_100_10_128_164_2_8_96_32_MAE_0_1_T_1.0/test_results/,1,5,100,False,0,True,False,True,0,0,0,0,20,96,softmax,"[4, 4]",db1,0.3302198350429535,0.28160881996154785,0.5306682586669922,1.3707082271575928,366.7804870605469,1.3707082271575928,/mnt/tidalfs-bdsz01/dataset/llm_ckpt/plc_data/Time-o1/results/repro/Fredformer_ETTh2_96_0.0_1.0_0.00005_type3_100_10_128_164_2_8_96_32_MAE_0_1_T_1.0,,,,,
Bottleneck_Construct,0,gelu,False,0,0,0.5,0.25,1024,1.0,MAE,basis,pca,0.0,128,1,7,2,164,0.2,32,8,96,1,0,0,/mnt/tidalfs-bdsz01/dataset/llm_ckpt/plc_data/Time-o1/results/repro/Fredformer_ETTh2_192_0.0_1.0_0.0005_type3_100_10_128_164_2_8_96_32_MAE_0_1_T_0.6/checkpoints/,0.06,128,1,48,ETTh2_PCA,ETTh2,ETTh2.csv,1.0,7,0,Fredformer,"0,1,2,3",0.5,0.1,time,True,0,,1,0.3,3,timeF,7,[],1,0.3,M,1,2023,h,0.01,0.5,0,0.0,2048,"[50, 20, 10]",0,0.0005,5,1.0,0,None,0,False,1,1,0,3,24,5e-05,48,0.0005,2,/mnt/tidalfs-bdsz01/dataset/llm_ckpt/plc_data/Time-o1/projections/PCA/ETTh2,/mnt/tidalfs-bdsz01/dataset/llm_ckpt/plc_data/Time-o1/results/repro/Fredformer_ETTh2_192_0.0_1.0_0.0005_type3_100_10_128_164_2_8_96_32_MAE_0_1_T_0.6/result_long_term_forecast.txt,10,MSE,0.5,type3,3,0.01,0.25,10,1.0,1,0.0005,sgd,all,1e-06,0.3,64,0,Time-o1,ETTh2_96_192,0,1,25,4,1,0.05,2023,sin,1,10000,16,6,5,10,adam,emd1d_h,False,False,False,False,0.15,"[128, 128]",2,end,4,14,10,T,0.2,192,,0.6,0.0,imputation,0.1,1,local,True,1,/mnt/tidalfs-bdsz01/dataset/llm_ckpt/plc_data/Time-o1/results/repro/Fredformer_ETTh2_192_0.0_1.0_0.0005_type3_100_10_128_164_2_8_96_32_MAE_0_1_T_0.6/results/,1,/mnt/tidalfs-bdsz01/usr/panlicheng/dataset/ETT-small/,0,2,"[16, 8, 4, 2, 1]",Monthly,96,0,2,1,0.0001,4,0,OT,long_term_forecast,1,/mnt/tidalfs-bdsz01/dataset/llm_ckpt/plc_data/Time-o1/results/repro/Fredformer_ETTh2_192_0.0_1.0_0.0005_type3_100_10_128_164_2_8_96_32_MAE_0_1_T_0.6/test_results/,1,5,100,False,0,True,False,True,0,0,0,0,20,96,softmax,"[4, 4]",db1,0.38053739070892334,0.3590482473373413,0.5992063283920288,1.4776678085327148,306.3899841308594,1.4776678085327148,/mnt/tidalfs-bdsz01/dataset/llm_ckpt/plc_data/Time-o1/results/repro/Fredformer_ETTh2_192_0.0_1.0_0.0005_type3_100_10_128_164_2_8_96_32_MAE_0_1_T_0.6,,,,,
Bottleneck_Construct,0,gelu,False,0,0,0.5,0.25,1024,0.7,MAE,basis,pca,0.0,128,1,7,2,128,0.2,32,8,96,1,0,0,/mnt/tidalfs-bdsz01/dataset/llm_ckpt/plc_data/Time-o1/results/repro/Fredformer_ETTh2_336_0.3_0.7_0.0005_type3_100_10_128_128_2_8_96_32_MAE_0_1_T_0.8/checkpoints/,0.06,128,1,24,ETTh2_PCA,ETTh2,ETTh2.csv,1.0,7,0,Fredformer,"0,1,2,3",0.5,0.1,time,True,0,,1,0.3,3,timeF,7,[],1,0.3,M,1,2023,h,0.01,0.5,0,0.0,2048,"[50, 20, 10]",0,0.0005,5,1.0,0,None,0,False,1,1,0,3,24,5e-05,48,0.0005,2,/mnt/tidalfs-bdsz01/dataset/llm_ckpt/plc_data/Time-o1/projections/PCA/ETTh2,/mnt/tidalfs-bdsz01/dataset/llm_ckpt/plc_data/Time-o1/results/repro/Fredformer_ETTh2_336_0.3_0.7_0.0005_type3_100_10_128_128_2_8_96_32_MAE_0_1_T_0.8/result_long_term_forecast.txt,10,MSE,0.5,type3,3,0.01,0.25,10,1.0,1,0.0005,sgd,all,1e-06,0.3,64,0,Time-o1,ETTh2_96_336,0,1,25,4,1,0.05,2023,sin,1,10000,16,6,5,10,adam,emd1d_h,False,False,False,False,0.15,"[128, 128]",2,end,4,14,10,T,0.2,336,,0.8,0.3,imputation,0.1,1,local,True,1,/mnt/tidalfs-bdsz01/dataset/llm_ckpt/plc_data/Time-o1/results/repro/Fredformer_ETTh2_336_0.3_0.7_0.0005_type3_100_10_128_128_2_8_96_32_MAE_0_1_T_0.8/results/,1,/mnt/tidalfs-bdsz01/usr/panlicheng/dataset/ETT-small/,0,2,"[16, 8, 4, 2, 1]",Monthly,96,0,2,1,0.0001,4,0,OT,long_term_forecast,1,/mnt/tidalfs-bdsz01/dataset/llm_ckpt/plc_data/Time-o1/results/repro/Fredformer_ETTh2_336_0.3_0.7_0.0005_type3_100_10_128_128_2_8_96_32_MAE_0_1_T_0.8/test_results/,1,5,100,False,0,True,False,True,0,0,0,0,20,96,softmax,"[4, 4]",db1,0.4137907922267914,0.39381280541419983,0.6275450587272644,1.6874876022338867,402.1358642578125,1.6874876022338867,/mnt/tidalfs-bdsz01/dataset/llm_ckpt/plc_data/Time-o1/results/repro/Fredformer_ETTh2_336_0.3_0.7_0.0005_type3_100_10_128_128_2_8_96_32_MAE_0_1_T_0.8,,,,,
Bottleneck_Construct,0,gelu,False,0,0,0.5,0.25,1024,1.0,MAE,basis,pca,0.0,128,1,7,2,128,0.2,32,8,96,1,0,0,/mnt/tidalfs-bdsz01/dataset/llm_ckpt/plc_data/Time-o1/results/repro/Fredformer_ETTh2_720_0.0_1.0_0.0001_type3_100_10_128_128_2_8_96_32_MAE_0_1_T_1.0/checkpoints/,0.06,128,1,24,ETTh2_PCA,ETTh2,ETTh2.csv,1.0,7,0,Fredformer,"0,1,2,3",0.5,0.1,time,True,0,,1,0.3,3,timeF,7,[],1,0.3,M,1,2023,h,0.01,0.5,0,0.0,2048,"[50, 20, 10]",0,0.0005,5,1.0,0,None,0,False,1,1,0,3,24,5e-05,48,0.0001,2,/mnt/tidalfs-bdsz01/dataset/llm_ckpt/plc_data/Time-o1/projections/PCA/ETTh2,/mnt/tidalfs-bdsz01/dataset/llm_ckpt/plc_data/Time-o1/results/repro/Fredformer_ETTh2_720_0.0_1.0_0.0001_type3_100_10_128_128_2_8_96_32_MAE_0_1_T_1.0/result_long_term_forecast.txt,10,MSE,0.5,type3,3,0.01,0.25,10,1.0,1,0.0005,sgd,all,1e-06,0.3,64,0,Time-o1,ETTh2_96_720,0,1,25,4,1,0.05,2023,sin,1,10000,16,6,5,10,adam,emd1d_h,False,False,False,False,0.15,"[128, 128]",2,end,4,14,10,T,0.2,720,,1.0,0.0,imputation,0.1,1,local,True,1,/mnt/tidalfs-bdsz01/dataset/llm_ckpt/plc_data/Time-o1/results/repro/Fredformer_ETTh2_720_0.0_1.0_0.0001_type3_100_10_128_128_2_8_96_32_MAE_0_1_T_1.0/results/,1,/mnt/tidalfs-bdsz01/usr/panlicheng/dataset/ETT-small/,0,2,"[16, 8, 4, 2, 1]",Monthly,96,0,2,1,0.0001,4,0,OT,long_term_forecast,1,/mnt/tidalfs-bdsz01/dataset/llm_ckpt/plc_data/Time-o1/results/repro/Fredformer_ETTh2_720_0.0_1.0_0.0001_type3_100_10_128_128_2_8_96_32_MAE_0_1_T_1.0/test_results/,1,5,100,False,0,True,False,True,0,0,0,0,20,96,softmax,"[4, 4]",db1,0.4269932508468628,0.40009865164756775,0.6325334906578064,1.9788548946380615,559.4835205078125,1.9788548946380615,/mnt/tidalfs-bdsz01/dataset/llm_ckpt/plc_data/Time-o1/results/repro/Fredformer_ETTh2_720_0.0_1.0_0.0001_type3_100_10_128_128_2_8_96_32_MAE_0_1_T_1.0,,,,,
Bottleneck_Construct,0,gelu,False,0,0,0.5,0.25,1024,0.4,MAE,basis,pca,0.0,128,1,7,2,128,0.2,32,8,96,1,0,0,/mnt/tidalfs-bdsz01/dataset/llm_ckpt/plc_data/Time-o1/results/repro/Fredformer_ETTm1_96_0.6_0.4_0.0005_TST_100_10_128_128_2_8_96_32_MAE_0_1_T_1.0/checkpoints/,0.06,256,1,24,ETTm1_PCA,ETTm1,ETTm1.csv,1.0,7,0,Fredformer,"0,1,2,3",0.5,0.1,time,True,0,,1,0.2,3,timeF,7,[],1,0.2,M,1,2023,h,0.01,0.5,0,0.0,2048,"[50, 20, 10]",0,0.0005,5,1.0,0,None,0,False,1,1,0,3,24,5e-05,48,0.0005,2,/mnt/tidalfs-bdsz01/dataset/llm_ckpt/plc_data/Time-o1/projections/PCA/ETTm1,/mnt/tidalfs-bdsz01/dataset/llm_ckpt/plc_data/Time-o1/results/repro/Fredformer_ETTm1_96_0.6_0.4_0.0005_TST_100_10_128_128_2_8_96_32_MAE_0_1_T_1.0/result_long_term_forecast.txt,10,MSE,0.5,TST,3,0.01,0.25,10,1.0,1,0.0005,sgd,all,1e-06,0.3,64,0,Time-o1,ETTm1_96_96,0,1,25,16,1,0.05,2023,sin,1,10000,16,6,5,10,adam,emd1d_h,False,False,False,False,0.15,"[128, 128]",2,end,4,14,10,T,0.4,96,,1.0,0.6,imputation,0.1,1,local,True,1,/mnt/tidalfs-bdsz01/dataset/llm_ckpt/plc_data/Time-o1/results/repro/Fredformer_ETTm1_96_0.6_0.4_0.0005_TST_100_10_128_128_2_8_96_32_MAE_0_1_T_1.0/results/,1,/mnt/tidalfs-bdsz01/usr/panlicheng/dataset/ETT-small/,0,2,"[16, 8, 4, 2, 1]",Monthly,96,0,2,1,0.0001,4,0,OT,long_term_forecast,1,/mnt/tidalfs-bdsz01/dataset/llm_ckpt/plc_data/Time-o1/results/repro/Fredformer_ETTm1_96_0.6_0.4_0.0005_TST_100_10_128_128_2_8_96_32_MAE_0_1_T_1.0/test_results/,1,5,100,False,0,True,False,True,0,0,0,0,20,96,softmax,"[4, 4]",db1,0.3574359118938446,0.3211379945278168,0.5666903853416443,2.146728038787842,350.3258056640625,2.146728038787842,/mnt/tidalfs-bdsz01/dataset/llm_ckpt/plc_data/Time-o1/results/repro/Fredformer_ETTm1_96_0.6_0.4_0.0005_TST_100_10_128_128_2_8_96_32_MAE_0_1_T_1.0,,,,,
Bottleneck_Construct,0,gelu,False,0,0,0.5,0.25,1024,0.8,MAE,basis,pca,0.0,128,1,7,2,128,0.2,32,8,96,1,0,0,/mnt/tidalfs-bdsz01/dataset/llm_ckpt/plc_data/Time-o1/results/repro/Fredformer_ETTm1_192_0.2_0.8_0.0005_TST_100_10_128_128_2_8_96_32_MAE_0_1_T_1.0/checkpoints/,0.06,256,1,24,ETTm1_PCA,ETTm1,ETTm1.csv,1.0,7,0,Fredformer,"0,1,2,3",0.5,0.1,time,True,0,,1,0.2,3,timeF,7,[],1,0.2,M,1,2023,h,0.01,0.5,0,0.0,2048,"[50, 20, 10]",0,0.0005,5,1.0,0,None,0,False,1,1,0,3,24,5e-05,48,0.0005,2,/mnt/tidalfs-bdsz01/dataset/llm_ckpt/plc_data/Time-o1/projections/PCA/ETTm1,/mnt/tidalfs-bdsz01/dataset/llm_ckpt/plc_data/Time-o1/results/repro/Fredformer_ETTm1_192_0.2_0.8_0.0005_TST_100_10_128_128_2_8_96_32_MAE_0_1_T_1.0/result_long_term_forecast.txt,10,MSE,0.5,TST,3,0.01,0.25,10,1.0,1,0.0005,sgd,all,1e-06,0.3,64,0,Time-o1,ETTm1_96_192,0,1,25,16,1,0.05,2023,sin,1,10000,16,6,5,10,adam,emd1d_h,False,False,False,False,0.15,"[128, 128]",2,end,4,14,10,T,0.4,192,,1.0,0.2,imputation,0.1,1,local,True,1,/mnt/tidalfs-bdsz01/dataset/llm_ckpt/plc_data/Time-o1/results/repro/Fredformer_ETTm1_192_0.2_0.8_0.0005_TST_100_10_128_128_2_8_96_32_MAE_0_1_T_1.0/results/,1,/mnt/tidalfs-bdsz01/usr/panlicheng/dataset/ETT-small/,0,2,"[16, 8, 4, 2, 1]",Monthly,96,0,2,1,0.0001,4,0,OT,long_term_forecast,1,/mnt/tidalfs-bdsz01/dataset/llm_ckpt/plc_data/Time-o1/results/repro/Fredformer_ETTm1_192_0.2_0.8_0.0005_TST_100_10_128_128_2_8_96_32_MAE_0_1_T_1.0/test_results/,1,5,100,False,0,True,False,True,0,0,0,0,20,96,softmax,"[4, 4]",db1,0.3781188428401947,0.35958048701286316,0.5996503233909607,2.2449657917022705,376.4908752441406,2.2449657917022705,/mnt/tidalfs-bdsz01/dataset/llm_ckpt/plc_data/Time-o1/results/repro/Fredformer_ETTm1_192_0.2_0.8_0.0005_TST_100_10_128_128_2_8_96_32_MAE_0_1_T_1.0,,,,,
Bottleneck_Construct,0,gelu,False,0,0,0.5,0.25,1024,0.9,MAE,basis,pca,0.0,128,1,7,2,128,0.2,32,8,96,1,0,0,/mnt/tidalfs-bdsz01/dataset/llm_ckpt/plc_data/Time-o1/results/repro/Fredformer_ETTm1_336_0.1_0.9_0.0005_TST_100_10_128_128_2_8_96_32_MAE_0_1_T_0.7/checkpoints/,0.06,256,1,24,ETTm1_PCA,ETTm1,ETTm1.csv,1.0,7,0,Fredformer,"0,1,2,3",0.5,0.1,time,True,0,,1,0.2,3,timeF,7,[],1,0.2,M,1,2023,h,0.01,0.5,0,0.0,2048,"[50, 20, 10]",0,0.0005,5,1.0,0,None,0,False,1,1,0,3,24,5e-05,48,0.0005,2,/mnt/tidalfs-bdsz01/dataset/llm_ckpt/plc_data/Time-o1/projections/PCA/ETTm1,/mnt/tidalfs-bdsz01/dataset/llm_ckpt/plc_data/Time-o1/results/repro/Fredformer_ETTm1_336_0.1_0.9_0.0005_TST_100_10_128_128_2_8_96_32_MAE_0_1_T_0.7/result_long_term_forecast.txt,10,MSE,0.5,TST,3,0.01,0.25,10,1.0,1,0.0005,sgd,all,1e-06,0.3,64,0,Time-o1,ETTm1_96_336,0,1,25,16,1,0.05,2023,sin,1,10000,16,6,5,10,adam,emd1d_h,False,False,False,False,0.15,"[128, 128]",2,end,4,14,10,T,0.4,336,,0.7,0.1,imputation,0.1,1,local,True,1,/mnt/tidalfs-bdsz01/dataset/llm_ckpt/plc_data/Time-o1/results/repro/Fredformer_ETTm1_336_0.1_0.9_0.0005_TST_100_10_128_128_2_8_96_32_MAE_0_1_T_0.7/results/,1,/mnt/tidalfs-bdsz01/usr/panlicheng/dataset/ETT-small/,0,2,"[16, 8, 4, 2, 1]",Monthly,96,0,2,1,0.0001,4,0,OT,long_term_forecast,1,/mnt/tidalfs-bdsz01/dataset/llm_ckpt/plc_data/Time-o1/results/repro/Fredformer_ETTm1_336_0.1_0.9_0.0005_TST_100_10_128_128_2_8_96_32_MAE_0_1_T_0.7/test_results/,1,5,100,False,0,True,False,True,0,0,0,0,20,96,softmax,"[4, 4]",db1,0.39998742938041687,0.3892384171485901,0.6238897442817688,2.2350430488586426,349.5162353515625,2.2350430488586426,/mnt/tidalfs-bdsz01/dataset/llm_ckpt/plc_data/Time-o1/results/repro/Fredformer_ETTm1_336_0.1_0.9_0.0005_TST_100_10_128_128_2_8_96_32_MAE_0_1_T_0.7,,,,,
Bottleneck_Construct,0,gelu,False,0,0,0.5,0.25,1024,1.0,MAE,basis,pca,0.0,128,1,7,2,164,0.2,32,8,96,1,0,0,/mnt/tidalfs-bdsz01/dataset/llm_ckpt/plc_data/Time-o1/results/repro/Fredformer_ETTm1_720_0.0_1.0_0.0005_TST_100_10_128_164_2_8_96_32_MAE_0_1_T_0.8/checkpoints/,0.06,256,1,48,ETTm1_PCA,ETTm1,ETTm1.csv,1.0,7,0,Fredformer,"0,1,2,3",0.5,0.1,time,True,0,,1,0.2,3,timeF,7,[],1,0.2,M,1,2023,h,0.01,0.5,0,0.0,2048,"[50, 20, 10]",0,0.0005,5,1.0,0,None,0,False,1,1,0,3,24,5e-05,48,0.0005,2,/mnt/tidalfs-bdsz01/dataset/llm_ckpt/plc_data/Time-o1/projections/PCA/ETTm1,/mnt/tidalfs-bdsz01/dataset/llm_ckpt/plc_data/Time-o1/results/repro/Fredformer_ETTm1_720_0.0_1.0_0.0005_TST_100_10_128_164_2_8_96_32_MAE_0_1_T_0.8/result_long_term_forecast.txt,10,MSE,0.5,TST,3,0.01,0.25,10,1.0,1,0.0005,sgd,all,1e-06,0.3,64,0,Time-o1,ETTm1_96_720,0,1,25,16,1,0.05,2023,sin,1,10000,16,6,5,10,adam,emd1d_h,False,False,False,False,0.15,"[128, 128]",2,end,4,14,10,T,0.4,720,,0.8,0.0,imputation,0.1,1,local,True,1,/mnt/tidalfs-bdsz01/dataset/llm_ckpt/plc_data/Time-o1/results/repro/Fredformer_ETTm1_720_0.0_1.0_0.0005_TST_100_10_128_164_2_8_96_32_MAE_0_1_T_0.8/results/,1,/mnt/tidalfs-bdsz01/usr/panlicheng/dataset/ETT-small/,0,2,"[16, 8, 4, 2, 1]",Monthly,96,0,2,1,0.0001,4,0,OT,long_term_forecast,1,/mnt/tidalfs-bdsz01/dataset/llm_ckpt/plc_data/Time-o1/results/repro/Fredformer_ETTm1_720_0.0_1.0_0.0005_TST_100_10_128_164_2_8_96_32_MAE_0_1_T_0.8/test_results/,1,5,100,False,0,True,False,True,0,0,0,0,20,96,softmax,"[4, 4]",db1,0.43489065766334534,0.44702035188674927,0.6685957908630371,2.4493510723114014,406.8992919921875,2.4493510723114014,/mnt/tidalfs-bdsz01/dataset/llm_ckpt/plc_data/Time-o1/results/repro/Fredformer_ETTm1_720_0.0_1.0_0.0005_TST_100_10_128_164_2_8_96_32_MAE_0_1_T_0.8,,,,,
Bottleneck_Construct,0,gelu,False,0,0,0.5,0.25,1024,1.0,MAE,basis,pca,0.0,128,1,7,2,164,0.2,32,8,96,1,0,0,/mnt/tidalfs-bdsz01/dataset/llm_ckpt/plc_data/Time-o1/results/repro/Fredformer_ETTm2_96_0.0_1.0_0.00005_TST_100_10_128_164_2_8_96_32_MAE_0_1_T_0.8/checkpoints/,0.06,256,1,48,ETTm2_PCA,ETTm2,ETTm2.csv,1.0,7,0,Fredformer,"0,1,2,3",0.5,0.1,time,True,0,,1,0.2,3,timeF,7,[],1,0.2,M,1,2023,h,0.01,0.5,0,0.0,2048,"[50, 20, 10]",0,0.0005,5,1.0,0,None,0,False,1,1,0,3,24,5e-05,48,5e-05,2,/mnt/tidalfs-bdsz01/dataset/llm_ckpt/plc_data/Time-o1/projections/PCA/ETTm2,/mnt/tidalfs-bdsz01/dataset/llm_ckpt/plc_data/Time-o1/results/repro/Fredformer_ETTm2_96_0.0_1.0_0.00005_TST_100_10_128_164_2_8_96_32_MAE_0_1_T_0.8/result_long_term_forecast.txt,10,MSE,0.5,TST,3,0.01,0.25,10,1.0,1,0.0005,sgd,all,1e-06,0.3,64,0,Time-o1,ETTm2_96_96,0,1,25,16,1,0.05,2023,sin,1,10000,16,6,5,10,adam,emd1d_h,False,False,False,False,0.15,"[128, 128]",2,end,4,14,10,T,0.4,96,,0.8,0.0,imputation,0.1,1,local,True,1,/mnt/tidalfs-bdsz01/dataset/llm_ckpt/plc_data/Time-o1/results/repro/Fredformer_ETTm2_96_0.0_1.0_0.00005_TST_100_10_128_164_2_8_96_32_MAE_0_1_T_0.8/results/,1,/mnt/tidalfs-bdsz01/usr/panlicheng/dataset/ETT-small/,0,2,"[16, 8, 4, 2, 1]",Monthly,96,0,2,1,0.0001,4,0,OT,long_term_forecast,1,/mnt/tidalfs-bdsz01/dataset/llm_ckpt/plc_data/Time-o1/results/repro/Fredformer_ETTm2_96_0.0_1.0_0.00005_TST_100_10_128_164_2_8_96_32_MAE_0_1_T_0.8/test_results/,1,5,100,False,0,True,False,True,0,0,0,0,20,96,softmax,"[4, 4]",db1,0.25118908286094666,0.1722351759672165,0.41501227021217346,1.103407621383667,252.9562225341797,1.103407621383667,/mnt/tidalfs-bdsz01/dataset/llm_ckpt/plc_data/Time-o1/results/repro/Fredformer_ETTm2_96_0.0_1.0_0.00005_TST_100_10_128_164_2_8_96_32_MAE_0_1_T_0.8,,,,,
Bottleneck_Construct,0,gelu,False,0,0,0.5,0.25,1024,1.0,MAE,basis,pca,0.0,128,1,7,2,164,0.2,32,8,96,1,0,0,/mnt/tidalfs-bdsz01/dataset/llm_ckpt/plc_data/Time-o1/results/repro/Fredformer_ETTm2_192_0.0_1.0_0.0005_TST_100_10_128_164_2_8_96_32_MAE_0_1_T_1.0/checkpoints/,0.06,256,1,48,ETTm2_PCA,ETTm2,ETTm2.csv,1.0,7,0,Fredformer,"0,1,2,3",0.5,0.1,time,True,0,,1,0.2,3,timeF,7,[],1,0.2,M,1,2023,h,0.01,0.5,0,0.0,2048,"[50, 20, 10]",0,0.0005,5,1.0,0,None,0,False,1,1,0,3,24,5e-05,48,0.0005,2,/mnt/tidalfs-bdsz01/dataset/llm_ckpt/plc_data/Time-o1/projections/PCA/ETTm2,/mnt/tidalfs-bdsz01/dataset/llm_ckpt/plc_data/Time-o1/results/repro/Fredformer_ETTm2_192_0.0_1.0_0.0005_TST_100_10_128_164_2_8_96_32_MAE_0_1_T_1.0/result_long_term_forecast.txt,10,MSE,0.5,TST,3,0.01,0.25,10,1.0,1,0.0005,sgd,all,1e-06,0.3,64,0,Time-o1,ETTm2_96_192,0,1,25,16,1,0.05,2023,sin,1,10000,16,6,5,10,adam,emd1d_h,False,False,False,False,0.15,"[128, 128]",2,end,4,14,10,T,0.4,192,,1.0,0.0,imputation,0.1,1,local,True,1,/mnt/tidalfs-bdsz01/dataset/llm_ckpt/plc_data/Time-o1/results/repro/Fredformer_ETTm2_192_0.0_1.0_0.0005_TST_100_10_128_164_2_8_96_32_MAE_0_1_T_1.0/results/,1,/mnt/tidalfs-bdsz01/usr/panlicheng/dataset/ETT-small/,0,2,"[16, 8, 4, 2, 1]",Monthly,96,0,2,1,0.0001,4,0,OT,long_term_forecast,1,/mnt/tidalfs-bdsz01/dataset/llm_ckpt/plc_data/Time-o1/results/repro/Fredformer_ETTm2_192_0.0_1.0_0.0005_TST_100_10_128_164_2_8_96_32_MAE_0_1_T_1.0/test_results/,1,5,100,False,0,True,False,True,0,0,0,0,20,96,softmax,"[4, 4]",db1,0.29393574595451355,0.2354445904493332,0.4852263331413269,1.2168344259262085,257.1932067871094,1.2168344259262085,/mnt/tidalfs-bdsz01/dataset/llm_ckpt/plc_data/Time-o1/results/repro/Fredformer_ETTm2_192_0.0_1.0_0.0005_TST_100_10_128_164_2_8_96_32_MAE_0_1_T_1.0,,,,,
Bottleneck_Construct,0,gelu,False,0,0,0.5,0.25,1024,1.0,MAE,basis,pca,0.0,128,1,7,2,128,0.2,32,8,96,1,0,0,/mnt/tidalfs-bdsz01/dataset/llm_ckpt/plc_data/Time-o1/results/repro/Fredformer_ETTm2_336_0.0_1.0_0.00005_TST_100_10_128_128_2_8_96_32_MAE_0_1_T_1.0/checkpoints/,0.06,256,1,24,ETTm2_PCA,ETTm2,ETTm2.csv,1.0,7,0,Fredformer,"0,1,2,3",0.5,0.1,time,True,0,,1,0.2,3,timeF,7,[],1,0.2,M,1,2023,h,0.01,0.5,0,0.0,2048,"[50, 20, 10]",0,0.0005,5,1.0,0,None,0,False,1,1,0,3,24,5e-05,48,5e-05,2,/mnt/tidalfs-bdsz01/dataset/llm_ckpt/plc_data/Time-o1/projections/PCA/ETTm2,/mnt/tidalfs-bdsz01/dataset/llm_ckpt/plc_data/Time-o1/results/repro/Fredformer_ETTm2_336_0.0_1.0_0.00005_TST_100_10_128_128_2_8_96_32_MAE_0_1_T_1.0/result_long_term_forecast.txt,10,MSE,0.5,TST,3,0.01,0.25,10,1.0,1,0.0005,sgd,all,1e-06,0.3,64,0,Time-o1,ETTm2_96_336,0,1,25,16,1,0.05,2023,sin,1,10000,16,6,5,10,adam,emd1d_h,False,False,False,False,0.15,"[128, 128]",2,end,4,14,10,T,0.4,336,,1.0,0.0,imputation,0.1,1,local,True,1,/mnt/tidalfs-bdsz01/dataset/llm_ckpt/plc_data/Time-o1/results/repro/Fredformer_ETTm2_336_0.0_1.0_0.00005_TST_100_10_128_128_2_8_96_32_MAE_0_1_T_1.0/results/,1,/mnt/tidalfs-bdsz01/usr/panlicheng/dataset/ETT-small/,0,2,"[16, 8, 4, 2, 1]",Monthly,96,0,2,1,0.0001,4,0,OT,long_term_forecast,1,/mnt/tidalfs-bdsz01/dataset/llm_ckpt/plc_data/Time-o1/results/repro/Fredformer_ETTm2_336_0.0_1.0_0.00005_TST_100_10_128_128_2_8_96_32_MAE_0_1_T_1.0/test_results/,1,5,100,False,0,True,False,True,0,0,0,0,20,96,softmax,"[4, 4]",db1,0.3327274024486542,0.2932887077331543,0.5415613651275635,1.327910304069519,283.0494384765625,1.327910304069519,/mnt/tidalfs-bdsz01/dataset/llm_ckpt/plc_data/Time-o1/results/repro/Fredformer_ETTm2_336_0.0_1.0_0.00005_TST_100_10_128_128_2_8_96_32_MAE_0_1_T_1.0,,,,,
Bottleneck_Construct,0,gelu,False,0,0,0.5,0.25,1024,1.0,MAE,basis,pca,0.0,128,1,7,2,128,0.2,32,8,96,1,0,0,/mnt/tidalfs-bdsz01/dataset/llm_ckpt/plc_data/Time-o1/results/repro/Fredformer_ETTm2_720_0.0_1.0_0.0001_TST_100_10_128_128_2_8_96_32_MAE_0_1_T_0.9/checkpoints/,0.06,256,1,24,ETTm2_PCA,ETTm2,ETTm2.csv,1.0,7,0,Fredformer,"0,1,2,3",0.5,0.1,time,True,0,,1,0.2,3,timeF,7,[],1,0.2,M,1,2023,h,0.01,0.5,0,0.0,2048,"[50, 20, 10]",0,0.0005,5,1.0,0,None,0,False,1,1,0,3,24,5e-05,48,0.0001,2,/mnt/tidalfs-bdsz01/dataset/llm_ckpt/plc_data/Time-o1/projections/PCA/ETTm2,/mnt/tidalfs-bdsz01/dataset/llm_ckpt/plc_data/Time-o1/results/repro/Fredformer_ETTm2_720_0.0_1.0_0.0001_TST_100_10_128_128_2_8_96_32_MAE_0_1_T_0.9/result_long_term_forecast.txt,10,MSE,0.5,TST,3,0.01,0.25,10,1.0,1,0.0005,sgd,all,1e-06,0.3,64,0,Time-o1,ETTm2_96_720,0,1,25,16,1,0.05,2023,sin,1,10000,16,6,5,10,adam,emd1d_h,False,False,False,False,0.15,"[128, 128]",2,end,4,14,10,T,0.4,720,,0.9,0.0,imputation,0.1,1,local,True,1,/mnt/tidalfs-bdsz01/dataset/llm_ckpt/plc_data/Time-o1/results/repro/Fredformer_ETTm2_720_0.0_1.0_0.0001_TST_100_10_128_128_2_8_96_32_MAE_0_1_T_0.9/results/,1,/mnt/tidalfs-bdsz01/usr/panlicheng/dataset/ETT-small/,0,2,"[16, 8, 4, 2, 1]",Monthly,96,0,2,1,0.0001,4,0,OT,long_term_forecast,1,/mnt/tidalfs-bdsz01/dataset/llm_ckpt/plc_data/Time-o1/results/repro/Fredformer_ETTm2_720_0.0_1.0_0.0001_TST_100_10_128_128_2_8_96_32_MAE_0_1_T_0.9/test_results/,1,5,100,False,0,True,False,True,0,0,0,0,20,96,softmax,"[4, 4]",db1,0.38905593752861023,0.38770610094070435,0.6226605176925659,1.529432773590088,359.59832763671875,1.529432773590088,/mnt/tidalfs-bdsz01/dataset/llm_ckpt/plc_data/Time-o1/results/repro/Fredformer_ETTm2_720_0.0_1.0_0.0001_TST_100_10_128_128_2_8_96_32_MAE_0_1_T_0.9,,,,,
Bottleneck_Construct,0,gelu,False,0,0,0.5,0.25,1024,1.0,MAE,basis,pca,0.0,32,1,358,2,48,0.2,32,6,128,1,0,0,/mnt/tidalfs-bdsz01/dataset/llm_ckpt/plc_data/Time-o1/results/repro/MICN_PEMS03_12_0.0_1.0_0.0005_type1_10_3_32_MAE_0_1_T_0.6/checkpoints/,0.06,512,1,256,PEMS_PCA,PEMS03,PEMS03.npz,1.0,358,0,MICN,"0,1,2,3",0.5,0.1,time,True,0,,1,0.1,4,timeF,358,[],3,0.05,M,1,2023,h,0.01,0.5,0,0.0,2048,"[50, 20, 10]",0,0.0005,5,1.0,0,None,0,False,1,1,0,3,24,5e-05,96,0.0005,2,/mnt/tidalfs-bdsz01/dataset/llm_ckpt/plc_data/Time-o1/projections/PCA/PEMS03,/mnt/tidalfs-bdsz01/dataset/llm_ckpt/plc_data/Time-o1/results/repro/MICN_PEMS03_12_0.0_1.0_0.0005_type1_10_3_32_MAE_0_1_T_0.6/result_long_term_forecast.txt,10,MSE,0.5,type1,3,0.01,0.25,10,1.0,1,0.0005,sgd,all,1e-06,0.3,64,0,Time-o1,PEMS03_96_12,0,1,25,8,1,0.05,2023,sin,1,10000,16,6,5,10,adam,emd1d_h,False,False,False,False,0.15,"[128, 128]",2,end,16,14,3,T,0.2,12,,0.6,0.0,imputation,0.1,1,local,True,1,/mnt/tidalfs-bdsz01/dataset/llm_ckpt/plc_data/Time-o1/results/repro/MICN_PEMS03_12_0.0_1.0_0.0005_type1_10_3_32_MAE_0_1_T_0.6/results/,1,/mnt/tidalfs-bdsz01/usr/panlicheng/dataset/PEMS/,0,2,"[16, 8, 4, 2, 1]",Monthly,96,0,2,1,0.0001,8,0,OT,long_term_forecast,1,/mnt/tidalfs-bdsz01/dataset/llm_ckpt/plc_data/Time-o1/results/repro/MICN_PEMS03_12_0.0_1.0_0.0005_type1_10_3_32_MAE_0_1_T_0.6/test_results/,1,5,10,False,0,True,False,True,0,0,0,0,20,96,softmax,"[4, 4]",db1,0.1764620989561081,0.06963586807250977,0.26388609409332275,1.4543722867965698,7408.44091796875,1.4543722867965698,/mnt/tidalfs-bdsz01/dataset/llm_ckpt/plc_data/Time-o1/results/repro/MICN_PEMS03_12_0.0_1.0_0.0005_type1_10_3_32_MAE_0_1_T_0.6,1.0,,,,
Bottleneck_Construct,0,gelu,False,0,0,0.5,0.25,1024,0.6,MAE,basis,pca,0.0,32,1,358,2,48,0.2,32,6,128,1,0,0,/mnt/tidalfs-bdsz01/dataset/llm_ckpt/plc_data/Time-o1/results/repro/MICN_PEMS03_24_0.4_0.6_0.0005_type1_10_3_32_MAE_0_1_T_0.2/checkpoints/,0.06,512,1,256,PEMS_PCA,PEMS03,PEMS03.npz,1.0,358,0,MICN,"0,1,2,3",0.5,0.1,time,True,0,,1,0.1,4,timeF,358,[],3,0.05,M,1,2023,h,0.01,0.5,0,0.0,2048,"[50, 20, 10]",0,0.0005,5,1.0,0,None,0,False,1,1,0,3,24,5e-05,96,0.0005,2,/mnt/tidalfs-bdsz01/dataset/llm_ckpt/plc_data/Time-o1/projections/PCA/PEMS03,/mnt/tidalfs-bdsz01/dataset/llm_ckpt/plc_data/Time-o1/results/repro/MICN_PEMS03_24_0.4_0.6_0.0005_type1_10_3_32_MAE_0_1_T_0.2/result_long_term_forecast.txt,10,MSE,0.5,type1,3,0.01,0.25,10,1.0,1,0.0005,sgd,all,1e-06,0.3,64,0,Time-o1,PEMS03_96_24,0,1,25,8,1,0.05,2023,sin,1,10000,16,6,5,10,adam,emd1d_h,False,False,False,False,0.15,"[128, 128]",2,end,16,14,3,T,0.2,24,,0.2,0.4,imputation,0.1,1,local,True,1,/mnt/tidalfs-bdsz01/dataset/llm_ckpt/plc_data/Time-o1/results/repro/MICN_PEMS03_24_0.4_0.6_0.0005_type1_10_3_32_MAE_0_1_T_0.2/results/,1,/mnt/tidalfs-bdsz01/usr/panlicheng/dataset/PEMS/,0,2,"[16, 8, 4, 2, 1]",Monthly,96,0,2,1,0.0001,8,0,OT,long_term_forecast,1,/mnt/tidalfs-bdsz01/dataset/llm_ckpt/plc_data/Time-o1/results/repro/MICN_PEMS03_24_0.4_0.6_0.0005_type1_10_3_32_MAE_0_1_T_0.2/test_results/,1,5,10,False,0,True,False,True,0,0,0,0,20,96,softmax,"[4, 4]",db1,0.19861091673374176,0.08720920234918594,0.2953120470046997,1.6280467510223389,8276.9423828125,1.6280467510223389,/mnt/tidalfs-bdsz01/dataset/llm_ckpt/plc_data/Time-o1/results/repro/MICN_PEMS03_24_0.4_0.6_0.0005_type1_10_3_32_MAE_0_1_T_0.2,1.0,,,,
Bottleneck_Construct,0,gelu,False,0,0,0.5,0.25,1024,0.6,MAE,basis,pca,0.0,32,1,358,2,48,0.2,32,6,128,1,0,0,/mnt/tidalfs-bdsz01/dataset/llm_ckpt/plc_data/Time-o1/results/repro/MICN_PEMS03_36_0.4_0.6_0.0005_type1_10_3_32_MAE_0_1_T_0.2/checkpoints/,0.06,512,1,256,PEMS_PCA,PEMS03,PEMS03.npz,1.0,358,0,MICN,"0,1,2,3",0.5,0.1,time,True,0,,1,0.1,4,timeF,358,[],3,0.05,M,1,2023,h,0.01,0.5,0,0.0,2048,"[50, 20, 10]",0,0.0005,5,1.0,0,None,0,False,1,1,0,3,24,5e-05,96,0.0005,2,/mnt/tidalfs-bdsz01/dataset/llm_ckpt/plc_data/Time-o1/projections/PCA/PEMS03,/mnt/tidalfs-bdsz01/dataset/llm_ckpt/plc_data/Time-o1/results/repro/MICN_PEMS03_36_0.4_0.6_0.0005_type1_10_3_32_MAE_0_1_T_0.2/result_long_term_forecast.txt,10,MSE,0.5,type1,3,0.01,0.25,10,1.0,1,0.0005,sgd,all,1e-06,0.3,64,0,Time-o1,PEMS03_96_36,0,1,25,8,1,0.05,2023,sin,1,10000,16,6,5,10,adam,emd1d_h,False,False,False,False,0.15,"[128, 128]",2,end,16,14,3,T,0.2,36,,0.2,0.4,imputation,0.1,1,local,True,1,/mnt/tidalfs-bdsz01/dataset/llm_ckpt/plc_data/Time-o1/results/repro/MICN_PEMS03_36_0.4_0.6_0.0005_type1_10_3_32_MAE_0_1_T_0.2/results/,1,/mnt/tidalfs-bdsz01/usr/panlicheng/dataset/PEMS/,0,2,"[16, 8, 4, 2, 1]",Monthly,96,0,2,1,0.0001,8,0,OT,long_term_forecast,1,/mnt/tidalfs-bdsz01/dataset/llm_ckpt/plc_data/Time-o1/results/repro/MICN_PEMS03_36_0.4_0.6_0.0005_type1_10_3_32_MAE_0_1_T_0.2/test_results/,1,5,10,False,0,True,False,True,0,0,0,0,20,96,softmax,"[4, 4]",db1,0.21974103152751923,0.10591719299554825,0.32544922828674316,1.761703372001648,9337.5400390625,1.761703372001648,/mnt/tidalfs-bdsz01/dataset/llm_ckpt/plc_data/Time-o1/results/repro/MICN_PEMS03_36_0.4_0.6_0.0005_type1_10_3_32_MAE_0_1_T_0.2,1.0,,,,
Bottleneck_Construct,0,gelu,False,0,0,0.5,0.25,1024,0.6,MAE,basis,pca,0.0,32,1,358,2,48,0.2,32,6,128,1,0,0,/mnt/tidalfs-bdsz01/dataset/llm_ckpt/plc_data/Time-o1/results/repro/MICN_PEMS03_48_0.4_0.6_0.0005_type1_10_3_32_MAE_0_1_T_0.6/checkpoints/,0.06,512,1,256,PEMS_PCA,PEMS03,PEMS03.npz,1.0,358,0,MICN,"0,1,2,3",0.5,0.1,time,True,0,,1,0.1,4,timeF,358,[],3,0.05,M,1,2023,h,0.01,0.5,0,0.0,2048,"[50, 20, 10]",0,0.0005,5,1.0,0,None,0,False,1,1,0,3,24,5e-05,96,0.0005,2,/mnt/tidalfs-bdsz01/dataset/llm_ckpt/plc_data/Time-o1/projections/PCA/PEMS03,/mnt/tidalfs-bdsz01/dataset/llm_ckpt/plc_data/Time-o1/results/repro/MICN_PEMS03_48_0.4_0.6_0.0005_type1_10_3_32_MAE_0_1_T_0.6/result_long_term_forecast.txt,10,MSE,0.5,type1,3,0.01,0.25,10,1.0,1,0.0005,sgd,all,1e-06,0.3,64,0,Time-o1,PEMS03_96_48,0,1,25,8,1,0.05,2023,sin,1,10000,16,6,5,10,adam,emd1d_h,False,False,False,False,0.15,"[128, 128]",2,end,16,14,3,T,0.2,48,,0.6,0.4,imputation,0.1,1,local,True,1,/mnt/tidalfs-bdsz01/dataset/llm_ckpt/plc_data/Time-o1/results/repro/MICN_PEMS03_48_0.4_0.6_0.0005_type1_10_3_32_MAE_0_1_T_0.6/results/,1,/mnt/tidalfs-bdsz01/usr/panlicheng/dataset/PEMS/,0,2,"[16, 8, 4, 2, 1]",Monthly,96,0,2,1,0.0001,8,0,OT,long_term_forecast,1,/mnt/tidalfs-bdsz01/dataset/llm_ckpt/plc_data/Time-o1/results/repro/MICN_PEMS03_48_0.4_0.6_0.0005_type1_10_3_32_MAE_0_1_T_0.6/test_results/,1,5,10,False,0,True,False,True,0,0,0,0,20,96,softmax,"[4, 4]",db1,0.24079211056232452,0.1255928874015808,0.35439085960388184,1.9162440299987793,10529.6240234375,1.9162440299987793,/mnt/tidalfs-bdsz01/dataset/llm_ckpt/plc_data/Time-o1/results/repro/MICN_PEMS03_48_0.4_0.6_0.0005_type1_10_3_32_MAE_0_1_T_0.6,1.0,,,,
Bottleneck_Construct,0,gelu,False,0,0,0.5,0.25,1024,0.8,MAE,basis,pca,0.0,16,1,321,2,48,0.2,32,6,128,1,0,0,/mnt/tidalfs-bdsz01/dataset/llm_ckpt/plc_data/Time-o1/results/repro/iTransformer_ECL_96_0.2_0.8_0.001_type1_10_3_16_MAE_0_1_T_1.0/checkpoints/,0.06,512,1,512,custom_PCA,ECL,electricity.csv,1.0,321,0,iTransformer,"0,1,2,3",0.5,0.1,time,True,0,,1,0.1,3,timeF,321,[],3,0.05,M,1,2023,h,0.01,0.5,0,0.0,2048,"[50, 20, 10]",0,0.0005,5,1.0,0,None,0,False,1,1,0,3,24,5e-05,48,0.001,2,/mnt/tidalfs-bdsz01/dataset/llm_ckpt/plc_data/Time-o1/projections/PCA/ECL,/mnt/tidalfs-bdsz01/dataset/llm_ckpt/plc_data/Time-o1/results/repro/iTransformer_ECL_96_0.2_0.8_0.001_type1_10_3_16_MAE_0_1_T_1.0/result_long_term_forecast.txt,10,MSE,0.5,type1,3,0.01,0.25,10,1.0,1,0.0005,sgd,all,1e-06,0.3,64,0,Time-o1,ECL_96_96,0,1,25,8,1,0.05,2023,sin,1,10000,16,6,5,10,adam,emd1d_h,False,False,False,False,0.15,"[128, 128]",2,end,16,14,3,T,0.2,96,,1.0,0.2,imputation,0.1,1,local,True,0,/mnt/tidalfs-bdsz01/dataset/llm_ckpt/plc_data/Time-o1/results/repro/iTransformer_ECL_96_0.2_0.8_0.001_type1_10_3_16_MAE_0_1_T_1.0/results/,1,/mnt/tidalfs-bdsz01/usr/panlicheng/dataset/electricity/,0,2,"[16, 8, 4, 2, 1]",Monthly,96,0,2,1,0.0001,8,0,OT,long_term_forecast,1,/mnt/tidalfs-bdsz01/dataset/llm_ckpt/plc_data/Time-o1/results/repro/iTransformer_ECL_96_0.2_0.8_0.001_type1_10_3_16_MAE_0_1_T_1.0/test_results/,1,5,10,False,0,True,False,True,0,0,0,0,20,96,softmax,"[4, 4]",db1,0.2347823679447174,0.14490629732608795,0.3806656002998352,2.4963955879211426,633785.9375,2.4963955879211426,/mnt/tidalfs-bdsz01/dataset/llm_ckpt/plc_data/Time-o1/results/repro/iTransformer_ECL_96_0.2_0.8_0.001_type1_10_3_16_MAE_0_1_T_1.0,,,,,
Bottleneck_Construct,0,gelu,False,0,0,0.5,0.25,1024,0.7,MAE,basis,pca,0.0,16,1,321,2,48,0.2,32,6,128,1,0,0,/mnt/tidalfs-bdsz01/dataset/llm_ckpt/plc_data/Time-o1/results/repro/iTransformer_ECL_192_0.3_0.7_0.001_type1_10_3_16_MAE_0_1_T_0.5/checkpoints/,0.06,512,1,512,custom_PCA,ECL,electricity.csv,1.0,321,0,iTransformer,"0,1,2,3",0.5,0.1,time,True,0,,1,0.1,3,timeF,321,[],3,0.05,M,1,2023,h,0.01,0.5,0,0.0,2048,"[50, 20, 10]",0,0.0005,5,1.0,0,None,0,False,1,1,0,3,24,5e-05,48,0.001,2,/mnt/tidalfs-bdsz01/dataset/llm_ckpt/plc_data/Time-o1/projections/PCA/ECL,/mnt/tidalfs-bdsz01/dataset/llm_ckpt/plc_data/Time-o1/results/repro/iTransformer_ECL_192_0.3_0.7_0.001_type1_10_3_16_MAE_0_1_T_0.5/result_long_term_forecast.txt,10,MSE,0.5,type1,3,0.01,0.25,10,1.0,1,0.0005,sgd,all,1e-06,0.3,64,0,Time-o1,ECL_96_192,0,1,25,8,1,0.05,2023,sin,1,10000,16,6,5,10,adam,emd1d_h,False,False,False,False,0.15,"[128, 128]",2,end,16,14,3,T,0.2,192,,0.5,0.3,imputation,0.1,1,local,True,0,/mnt/tidalfs-bdsz01/dataset/llm_ckpt/plc_data/Time-o1/results/repro/iTransformer_ECL_192_0.3_0.7_0.001_type1_10_3_16_MAE_0_1_T_0.5/results/,1,/mnt/tidalfs-bdsz01/usr/panlicheng/dataset/electricity/,0,2,"[16, 8, 4, 2, 1]",Monthly,96,0,2,1,0.0001,8,0,OT,long_term_forecast,1,/mnt/tidalfs-bdsz01/dataset/llm_ckpt/plc_data/Time-o1/results/repro/iTransformer_ECL_192_0.3_0.7_0.001_type1_10_3_16_MAE_0_1_T_0.5/test_results/,1,5,10,False,0,True,False,True,0,0,0,0,20,96,softmax,"[4, 4]",db1,0.24866579473018646,0.15894779562950134,0.398682564496994,2.6912691593170166,753566.125,2.6912691593170166,/mnt/tidalfs-bdsz01/dataset/llm_ckpt/plc_data/Time-o1/results/repro/iTransformer_ECL_192_0.3_0.7_0.001_type1_10_3_16_MAE_0_1_T_0.5,,,,,
Bottleneck_Construct,0,gelu,False,0,0,0.5,0.25,1024,0.8,MAE,basis,pca,0.0,16,1,321,2,48,0.2,32,6,128,1,0,0,/mnt/tidalfs-bdsz01/dataset/llm_ckpt/plc_data/Time-o1/results/repro/iTransformer_ECL_336_0.2_0.8_0.001_type1_10_3_16_MAE_0_1_T_1.0/checkpoints/,0.06,512,1,512,custom_PCA,ECL,electricity.csv,1.0,321,0,iTransformer,"0,1,2,3",0.5,0.1,time,True,0,,1,0.1,3,timeF,321,[],3,0.05,M,1,2023,h,0.01,0.5,0,0.0,2048,"[50, 20, 10]",0,0.0005,5,1.0,0,None,0,False,1,1,0,3,24,5e-05,48,0.001,2,/mnt/tidalfs-bdsz01/dataset/llm_ckpt/plc_data/Time-o1/projections/PCA/ECL,/mnt/tidalfs-bdsz01/dataset/llm_ckpt/plc_data/Time-o1/results/repro/iTransformer_ECL_336_0.2_0.8_0.001_type1_10_3_16_MAE_0_1_T_1.0/result_long_term_forecast.txt,10,MSE,0.5,type1,3,0.01,0.25,10,1.0,1,0.0005,sgd,all,1e-06,0.3,64,0,Time-o1,ECL_96_336,0,1,25,8,1,0.05,2023,sin,1,10000,16,6,5,10,adam,emd1d_h,False,False,False,False,0.15,"[128, 128]",2,end,16,14,3,T,0.2,336,,1.0,0.2,imputation,0.1,1,local,True,0,/mnt/tidalfs-bdsz01/dataset/llm_ckpt/plc_data/Time-o1/results/repro/iTransformer_ECL_336_0.2_0.8_0.001_type1_10_3_16_MAE_0_1_T_1.0/results/,1,/mnt/tidalfs-bdsz01/usr/panlicheng/dataset/electricity/,0,2,"[16, 8, 4, 2, 1]",Monthly,96,0,2,1,0.0001,8,0,OT,long_term_forecast,1,/mnt/tidalfs-bdsz01/dataset/llm_ckpt/plc_data/Time-o1/results/repro/iTransformer_ECL_336_0.2_0.8_0.001_type1_10_3_16_MAE_0_1_T_1.0/test_results/,1,5,10,False,0,True,False,True,0,0,0,0,20,96,softmax,"[4, 4]",db1,0.26448652148246765,0.17307625710964203,0.4160243570804596,2.6956160068511963,623641.875,2.6956160068511963,/mnt/tidalfs-bdsz01/dataset/llm_ckpt/plc_data/Time-o1/results/repro/iTransformer_ECL_336_0.2_0.8_0.001_type1_10_3_16_MAE_0_1_T_1.0,,,,,
Bottleneck_Construct,0,gelu,False,0,0,0.5,0.25,1024,0.8,MAE,basis,pca,0.0,16,1,321,2,48,0.2,32,6,128,1,0,0,/mnt/tidalfs-bdsz01/dataset/llm_ckpt/plc_data/Time-o1/results/repro/iTransformer_ECL_720_0.2_0.8_0.001_type1_10_3_16_MAE_0_1_T_0.3/checkpoints/,0.06,512,1,512,custom_PCA,ECL,electricity.csv,1.0,321,0,iTransformer,"0,1,2,3",0.5,0.1,time,True,0,,1,0.1,3,timeF,321,[],3,0.05,M,1,2023,h,0.01,0.5,0,0.0,2048,"[50, 20, 10]",0,0.0005,5,1.0,0,None,0,False,1,1,0,3,24,5e-05,48,0.001,2,/mnt/tidalfs-bdsz01/dataset/llm_ckpt/plc_data/Time-o1/projections/PCA/ECL,/mnt/tidalfs-bdsz01/dataset/llm_ckpt/plc_data/Time-o1/results/repro/iTransformer_ECL_720_0.2_0.8_0.001_type1_10_3_16_MAE_0_1_T_0.3/result_long_term_forecast.txt,10,MSE,0.5,type1,3,0.01,0.25,10,1.0,1,0.0005,sgd,all,1e-06,0.3,64,0,Time-o1,ECL_96_720,0,1,25,8,1,0.05,2023,sin,1,10000,16,6,5,10,adam,emd1d_h,False,False,False,False,0.15,"[128, 128]",2,end,16,14,3,T,0.2,720,,0.3,0.2,imputation,0.1,1,local,True,0,/mnt/tidalfs-bdsz01/dataset/llm_ckpt/plc_data/Time-o1/results/repro/iTransformer_ECL_720_0.2_0.8_0.001_type1_10_3_16_MAE_0_1_T_0.3/results/,1,/mnt/tidalfs-bdsz01/usr/panlicheng/dataset/electricity/,0,2,"[16, 8, 4, 2, 1]",Monthly,96,0,2,1,0.0001,8,0,OT,long_term_forecast,1,/mnt/tidalfs-bdsz01/dataset/llm_ckpt/plc_data/Time-o1/results/repro/iTransformer_ECL_720_0.2_0.8_0.001_type1_10_3_16_MAE_0_1_T_0.3/test_results/,1,5,10,False,0,True,False,True,0,0,0,0,20,96,softmax,"[4, 4]",db1,0.29204440116882324,0.20327557623386383,0.4508609175682068,2.9751317501068115,717057.1875,2.9751317501068115,/mnt/tidalfs-bdsz01/dataset/llm_ckpt/plc_data/Time-o1/results/repro/iTransformer_ECL_720_0.2_0.8_0.001_type1_10_3_16_MAE_0_1_T_0.3,,,,,
Bottleneck_Construct,0,gelu,False,0,0,0.5,0.25,1024,0.2,MAE,basis,pca,0.0,32,1,170,2,48,0.2,32,6,128,1,0,0,/mnt/tidalfs-bdsz01/dataset/llm_ckpt/plc_data/Time-o1/results/repro/iTransformer_PEMS08_12_0.8_0.2_0.001_type1_10_3_32_MAE_0_1_T_0.2/checkpoints/,0.06,512,1,512,PEMS_PCA,PEMS08,PEMS08.npz,1.0,170,0,iTransformer,"0,1,2,3",0.5,0.1,time,True,0,,1,0.1,3,timeF,170,[],3,0.05,M,1,2023,h,0.01,0.5,0,0.0,2048,"[50, 20, 10]",0,0.0005,5,1.0,0,None,0,False,1,1,0,3,24,5e-05,48,0.001,2,/mnt/tidalfs-bdsz01/dataset/llm_ckpt/plc_data/Time-o1/projections/PCA/PEMS08,/mnt/tidalfs-bdsz01/dataset/llm_ckpt/plc_data/Time-o1/results/repro/iTransformer_PEMS08_12_0.8_0.2_0.001_type1_10_3_32_MAE_0_1_T_0.2/result_long_term_forecast.txt,10,MSE,0.5,type1,3,0.01,0.25,10,1.0,1,0.0005,sgd,all,1e-06,0.3,64,0,Time-o1,PEMS08_96_12,0,1,25,8,1,0.05,2023,sin,1,10000,16,6,5,10,adam,emd1d_h,False,False,False,False,0.15,"[128, 128]",2,end,16,14,3,T,0.2,12,,0.2,0.8,imputation,0.1,1,local,True,0,/mnt/tidalfs-bdsz01/dataset/llm_ckpt/plc_data/Time-o1/results/repro/iTransformer_PEMS08_12_0.8_0.2_0.001_type1_10_3_32_MAE_0_1_T_0.2/results/,1,/mnt/tidalfs-bdsz01/usr/panlicheng/dataset/PEMS/,0,2,"[16, 8, 4, 2, 1]",Monthly,96,0,2,1,0.0001,8,0,OT,long_term_forecast,1,/mnt/tidalfs-bdsz01/dataset/llm_ckpt/plc_data/Time-o1/results/repro/iTransformer_PEMS08_12_0.8_0.2_0.001_type1_10_3_32_MAE_0_1_T_0.2/test_results/,1,5,10,False,0,True,False,True,0,0,0,0,20,96,softmax,"[4, 4]",db1,0.1830918788909912,0.08108603209257126,0.2847560942173004,1.6269899606704712,5601.5166015625,1.6269899606704712,/mnt/tidalfs-bdsz01/dataset/llm_ckpt/plc_data/Time-o1/results/repro/iTransformer_PEMS08_12_0.8_0.2_0.001_type1_10_3_32_MAE_0_1_T_0.2,,,,,
Bottleneck_Construct,0,gelu,False,0,0,0.5,0.25,1024,0.6,MAE,basis,pca,0.0,32,1,170,2,48,0.2,32,6,128,1,0,0,/mnt/tidalfs-bdsz01/dataset/llm_ckpt/plc_data/Time-o1/results/repro/iTransformer_PEMS08_24_0.4_0.6_0.001_type1_10_3_32_MAE_0_1_T_0.2/checkpoints/,0.06,512,1,512,PEMS_PCA,PEMS08,PEMS08.npz,1.0,170,0,iTransformer,"0,1,2,3",0.5,0.1,time,True,0,,1,0.1,3,timeF,170,[],3,0.05,M,1,2023,h,0.01,0.5,0,0.0,2048,"[50, 20, 10]",0,0.0005,5,1.0,0,None,0,False,1,1,0,3,24,5e-05,48,0.001,2,/mnt/tidalfs-bdsz01/dataset/llm_ckpt/plc_data/Time-o1/projections/PCA/PEMS08,/mnt/tidalfs-bdsz01/dataset/llm_ckpt/plc_data/Time-o1/results/repro/iTransformer_PEMS08_24_0.4_0.6_0.001_type1_10_3_32_MAE_0_1_T_0.2/result_long_term_forecast.txt,10,MSE,0.5,type1,3,0.01,0.25,10,1.0,1,0.0005,sgd,all,1e-06,0.3,64,0,Time-o1,PEMS08_96_24,0,1,25,8,1,0.05,2023,sin,1,10000,16,6,5,10,adam,emd1d_h,False,False,False,False,0.15,"[128, 128]",2,end,16,14,3,T,0.2,24,,0.2,0.4,imputation,0.1,1,local,True,0,/mnt/tidalfs-bdsz01/dataset/llm_ckpt/plc_data/Time-o1/results/repro/iTransformer_PEMS08_24_0.4_0.6_0.001_type1_10_3_32_MAE_0_1_T_0.2/results/,1,/mnt/tidalfs-bdsz01/usr/panlicheng/dataset/PEMS/,0,2,"[16, 8, 4, 2, 1]",Monthly,96,0,2,1,0.0001,8,0,OT,long_term_forecast,1,/mnt/tidalfs-bdsz01/dataset/llm_ckpt/plc_data/Time-o1/results/repro/iTransformer_PEMS08_24_0.4_0.6_0.001_type1_10_3_32_MAE_0_1_T_0.2/test_results/,1,5,10,False,0,True,False,True,0,0,0,0,20,96,softmax,"[4, 4]",db1,0.21782337129116058,0.11726118624210358,0.34243419766426086,1.9159435033798218,9579.6796875,1.9159435033798218,/mnt/tidalfs-bdsz01/dataset/llm_ckpt/plc_data/Time-o1/results/repro/iTransformer_PEMS08_24_0.4_0.6_0.001_type1_10_3_32_MAE_0_1_T_0.2,,,,,
Bottleneck_Construct,0,gelu,False,0,0,0.5,0.25,1024,0.6,MAE,basis,pca,0.0,32,1,170,2,48,0.2,32,6,128,1,0,0,/mnt/tidalfs-bdsz01/dataset/llm_ckpt/plc_data/Time-o1/results/repro/iTransformer_PEMS08_36_0.4_0.6_0.001_type1_10_3_32_MAE_0_1_T_0.2/checkpoints/,0.06,512,1,512,PEMS_PCA,PEMS08,PEMS08.npz,1.0,170,0,iTransformer,"0,1,2,3",0.5,0.1,time,True,0,,1,0.1,3,timeF,170,[],3,0.05,M,1,2023,h,0.01,0.5,0,0.0,2048,"[50, 20, 10]",0,0.0005,5,1.0,0,None,0,False,1,1,0,3,24,5e-05,48,0.001,2,/mnt/tidalfs-bdsz01/dataset/llm_ckpt/plc_data/Time-o1/projections/PCA/PEMS08,/mnt/tidalfs-bdsz01/dataset/llm_ckpt/plc_data/Time-o1/results/repro/iTransformer_PEMS08_36_0.4_0.6_0.001_type1_10_3_32_MAE_0_1_T_0.2/result_long_term_forecast.txt,10,MSE,0.5,type1,3,0.01,0.25,10,1.0,1,0.0005,sgd,all,1e-06,0.3,64,0,Time-o1,PEMS08_96_36,0,1,25,8,1,0.05,2023,sin,1,10000,16,6,5,10,adam,emd1d_h,False,False,False,False,0.15,"[128, 128]",2,end,16,14,3,T,0.2,36,,0.2,0.4,imputation,0.1,1,local,True,0,/mnt/tidalfs-bdsz01/dataset/llm_ckpt/plc_data/Time-o1/results/repro/iTransformer_PEMS08_36_0.4_0.6_0.001_type1_10_3_32_MAE_0_1_T_0.2/results/,1,/mnt/tidalfs-bdsz01/usr/panlicheng/dataset/PEMS/,0,2,"[16, 8, 4, 2, 1]",Monthly,96,0,2,1,0.0001,8,0,OT,long_term_forecast,1,/mnt/tidalfs-bdsz01/dataset/llm_ckpt/plc_data/Time-o1/results/repro/iTransformer_PEMS08_36_0.4_0.6_0.001_type1_10_3_32_MAE_0_1_T_0.2/test_results/,1,5,10,False,0,True,False,True,0,0,0,0,20,96,softmax,"[4, 4]",db1,0.2528241276741028,0.15687909722328186,0.3960796594619751,2.1628494262695312,11532.0087890625,2.1628494262695312,/mnt/tidalfs-bdsz01/dataset/llm_ckpt/plc_data/Time-o1/results/repro/iTransformer_PEMS08_36_0.4_0.6_0.001_type1_10_3_32_MAE_0_1_T_0.2,,,,,
Bottleneck_Construct,0,gelu,False,0,0,0.5,0.25,1024,0.6,MAE,basis,pca,0.0,32,1,170,2,48,0.2,32,6,128,1,0,0,/mnt/tidalfs-bdsz01/dataset/llm_ckpt/plc_data/Time-o1/results/repro/iTransformer_PEMS08_48_0.4_0.6_0.001_type1_10_3_32_MAE_0_1_T_0.6/checkpoints/,0.06,512,1,512,PEMS_PCA,PEMS08,PEMS08.npz,1.0,170,0,iTransformer,"0,1,2,3",0.5,0.1,time,True,0,,1,0.1,3,timeF,170,[],3,0.05,M,1,2023,h,0.01,0.5,0,0.0,2048,"[50, 20, 10]",0,0.0005,5,1.0,0,None,0,False,1,1,0,3,24,5e-05,48,0.001,2,/mnt/tidalfs-bdsz01/dataset/llm_ckpt/plc_data/Time-o1/projections/PCA/PEMS08,/mnt/tidalfs-bdsz01/dataset/llm_ckpt/plc_data/Time-o1/results/repro/iTransformer_PEMS08_48_0.4_0.6_0.001_type1_10_3_32_MAE_0_1_T_0.6/result_long_term_forecast.txt,10,MSE,0.5,type1,3,0.01,0.25,10,1.0,1,0.0005,sgd,all,1e-06,0.3,64,0,Time-o1,PEMS08_96_48,0,1,25,8,1,0.05,2023,sin,1,10000,16,6,5,10,adam,emd1d_h,False,False,False,False,0.15,"[128, 128]",2,end,16,14,3,T,0.2,48,,0.6,0.4,imputation,0.1,1,local,True,0,/mnt/tidalfs-bdsz01/dataset/llm_ckpt/plc_data/Time-o1/results/repro/iTransformer_PEMS08_48_0.4_0.6_0.001_type1_10_3_32_MAE_0_1_T_0.6/results/,1,/mnt/tidalfs-bdsz01/usr/panlicheng/dataset/PEMS/,0,2,"[16, 8, 4, 2, 1]",Monthly,96,0,2,1,0.0001,8,0,OT,long_term_forecast,1,/mnt/tidalfs-bdsz01/dataset/llm_ckpt/plc_data/Time-o1/results/repro/iTransformer_PEMS08_48_0.4_0.6_0.001_type1_10_3_32_MAE_0_1_T_0.6/test_results/,1,5,10,False,0,True,False,True,0,0,0,0,20,96,softmax,"[4, 4]",db1,0.29411670565605164,0.20710301399230957,0.45508572459220886,2.3792946338653564,12295.87109375,2.3792946338653564,/mnt/tidalfs-bdsz01/dataset/llm_ckpt/plc_data/Time-o1/results/repro/iTransformer_PEMS08_48_0.4_0.6_0.001_type1_10_3_32_MAE_0_1_T_0.6,,,,,
Bottleneck_Construct,0,gelu,False,0,0,0.5,0.25,1024,0.8,MAE,basis,pca,0.0,8,1,862,2,48,0.2,32,6,128,1,0,0,/mnt/tidalfs-bdsz01/dataset/llm_ckpt/plc_data/Time-o1/results/repro/iTransformer_Traffic_96_0.2_0.8_0.001_type1_10_3_8_MAE_0_1_T_1.0/checkpoints/,0.06,512,1,512,custom_PCA,Traffic,traffic.csv,1.0,862,0,iTransformer,"0,1,2,3",0.5,0.1,time,True,0,,1,0.1,4,timeF,862,[],3,0.05,M,1,2023,h,0.01,0.5,0,0.0,2048,"[50, 20, 10]",0,0.0005,5,1.0,0,None,0,False,1,1,0,3,24,5e-05,48,0.001,2,/mnt/tidalfs-bdsz01/dataset/llm_ckpt/plc_data/Time-o1/projections/PCA/Traffic,/mnt/tidalfs-bdsz01/dataset/llm_ckpt/plc_data/Time-o1/results/repro/iTransformer_Traffic_96_0.2_0.8_0.001_type1_10_3_8_MAE_0_1_T_1.0/result_long_term_forecast.txt,10,MSE,0.5,type1,3,0.01,0.25,10,1.0,1,0.0005,sgd,all,1e-06,0.3,64,0,Time-o1,Traffic_96_96,0,1,25,8,1,0.05,2023,sin,1,10000,16,6,5,10,adam,emd1d_h,False,False,False,False,0.15,"[128, 128]",2,end,16,14,3,T,0.2,96,,1.0,0.2,imputation,0.1,1,local,True,0,/mnt/tidalfs-bdsz01/dataset/llm_ckpt/plc_data/Time-o1/results/repro/iTransformer_Traffic_96_0.2_0.8_0.001_type1_10_3_8_MAE_0_1_T_1.0/results/,1,/mnt/tidalfs-bdsz01/usr/panlicheng/dataset/traffic/,0,2,"[16, 8, 4, 2, 1]",Monthly,96,0,2,1,0.0001,8,0,OT,long_term_forecast,1,/mnt/tidalfs-bdsz01/dataset/llm_ckpt/plc_data/Time-o1/results/repro/iTransformer_Traffic_96_0.2_0.8_0.001_type1_10_3_8_MAE_0_1_T_1.0/test_results/,1,5,10,False,0,True,False,True,0,0,0,0,20,96,softmax,"[4, 4]",db1,0.264984667301178,0.39257246255874634,0.6265560388565063,2.836780309677124,152558.453125,2.836780309677124,/mnt/tidalfs-bdsz01/dataset/llm_ckpt/plc_data/Time-o1/results/repro/iTransformer_Traffic_96_0.2_0.8_0.001_type1_10_3_8_MAE_0_1_T_1.0,,,,,
Bottleneck_Construct,0,gelu,False,0,0,0.5,0.25,1024,0.6,MAE,basis,pca,0.0,8,1,862,2,48,0.2,32,6,128,1,0,0,/mnt/tidalfs-bdsz01/dataset/llm_ckpt/plc_data/Time-o1/results/repro/iTransformer_Traffic_192_0.4_0.6_0.001_type1_10_3_8_MAE_0_1_T_0.6/checkpoints/,0.06,512,1,512,custom_PCA,Traffic,traffic.csv,1.0,862,0,iTransformer,"0,1,2,3",0.5,0.1,time,True,0,,1,0.1,4,timeF,862,[],3,0.05,M,1,2023,h,0.01,0.5,0,0.0,2048,"[50, 20, 10]",0,0.0005,5,1.0,0,None,0,False,1,1,0,3,24,5e-05,48,0.001,2,/mnt/tidalfs-bdsz01/dataset/llm_ckpt/plc_data/Time-o1/projections/PCA/Traffic,/mnt/tidalfs-bdsz01/dataset/llm_ckpt/plc_data/Time-o1/results/repro/iTransformer_Traffic_192_0.4_0.6_0.001_type1_10_3_8_MAE_0_1_T_0.6/result_long_term_forecast.txt,10,MSE,0.5,type1,3,0.01,0.25,10,1.0,1,0.0005,sgd,all,1e-06,0.3,64,0,Time-o1,Traffic_96_192,0,1,25,8,1,0.05,2023,sin,1,10000,16,6,5,10,adam,emd1d_h,False,False,False,False,0.15,"[128, 128]",2,end,16,14,3,T,0.2,192,,0.6,0.4,imputation,0.1,1,local,True,0,/mnt/tidalfs-bdsz01/dataset/llm_ckpt/plc_data/Time-o1/results/repro/iTransformer_Traffic_192_0.4_0.6_0.001_type1_10_3_8_MAE_0_1_T_0.6/results/,1,/mnt/tidalfs-bdsz01/usr/panlicheng/dataset/traffic/,0,2,"[16, 8, 4, 2, 1]",Monthly,96,0,2,1,0.0001,8,0,OT,long_term_forecast,1,/mnt/tidalfs-bdsz01/dataset/llm_ckpt/plc_data/Time-o1/results/repro/iTransformer_Traffic_192_0.4_0.6_0.001_type1_10_3_8_MAE_0_1_T_0.6/test_results/,1,5,10,False,0,True,False,True,0,0,0,0,20,96,softmax,"[4, 4]",db1,0.27496612071990967,0.40984663367271423,0.6401926279067993,2.93499493598938,154050.015625,2.93499493598938,/mnt/tidalfs-bdsz01/dataset/llm_ckpt/plc_data/Time-o1/results/repro/iTransformer_Traffic_192_0.4_0.6_0.001_type1_10_3_8_MAE_0_1_T_0.6,,,,,
Bottleneck_Construct,0,gelu,False,0,0,0.5,0.25,1024,0.8,MAE,basis,pca,0.0,8,1,862,2,48,0.2,32,6,128,1,0,0,/mnt/tidalfs-bdsz01/dataset/llm_ckpt/plc_data/Time-o1/results/repro/iTransformer_Traffic_336_0.2_0.8_0.001_type1_10_3_8_MAE_0_1_T_0.6/checkpoints/,0.06,512,1,512,custom_PCA,Traffic,traffic.csv,1.0,862,0,iTransformer,"0,1,2,3",0.5,0.1,time,True,0,,1,0.1,4,timeF,862,[],3,0.05,M,1,2023,h,0.01,0.5,0,0.0,2048,"[50, 20, 10]",0,0.0005,5,1.0,0,None,0,False,1,1,0,3,24,5e-05,48,0.001,2,/mnt/tidalfs-bdsz01/dataset/llm_ckpt/plc_data/Time-o1/projections/PCA/Traffic,/mnt/tidalfs-bdsz01/dataset/llm_ckpt/plc_data/Time-o1/results/repro/iTransformer_Traffic_336_0.2_0.8_0.001_type1_10_3_8_MAE_0_1_T_0.6/result_long_term_forecast.txt,10,MSE,0.5,type1,3,0.01,0.25,10,1.0,1,0.0005,sgd,all,1e-06,0.3,64,0,Time-o1,Traffic_96_336,0,1,25,8,1,0.05,2023,sin,1,10000,16,6,5,10,adam,emd1d_h,False,False,False,False,0.15,"[128, 128]",2,end,16,14,3,T,0.2,336,,0.6,0.2,imputation,0.1,1,local,True,0,/mnt/tidalfs-bdsz01/dataset/llm_ckpt/plc_data/Time-o1/results/repro/iTransformer_Traffic_336_0.2_0.8_0.001_type1_10_3_8_MAE_0_1_T_0.6/results/,1,/mnt/tidalfs-bdsz01/usr/panlicheng/dataset/traffic/,0,2,"[16, 8, 4, 2, 1]",Monthly,96,0,2,1,0.0001,8,0,OT,long_term_forecast,1,/mnt/tidalfs-bdsz01/dataset/llm_ckpt/plc_data/Time-o1/results/repro/iTransformer_Traffic_336_0.2_0.8_0.001_type1_10_3_8_MAE_0_1_T_0.6/test_results/,1,5,10,False,0,True,False,True,0,0,0,0,20,96,softmax,"[4, 4]",db1,0.28018614649772644,0.4208926558494568,0.6487624049186707,2.9406075477600098,150622.046875,2.9406075477600098,/mnt/tidalfs-bdsz01/dataset/llm_ckpt/plc_data/Time-o1/results/repro/iTransformer_Traffic_336_0.2_0.8_0.001_type1_10_3_8_MAE_0_1_T_0.6,,,,,
Bottleneck_Construct,0,gelu,False,0,0,0.5,0.25,1024,0.2,MAE,basis,pca,0.0,8,1,862,2,48,0.2,32,6,128,1,0,0,/mnt/tidalfs-bdsz01/dataset/llm_ckpt/plc_data/Time-o1/results/repro/iTransformer_Traffic_720_0.8_0.2_0.001_type1_10_3_8_MAE_0_1_T_0.6/checkpoints/,0.06,512,1,512,custom_PCA,Traffic,traffic.csv,1.0,862,0,iTransformer,"0,1,2,3",0.5,0.1,time,True,0,,1,0.1,4,timeF,862,[],3,0.05,M,1,2023,h,0.01,0.5,0,0.0,2048,"[50, 20, 10]",0,0.0005,5,1.0,0,None,0,False,1,1,0,3,24,5e-05,48,0.001,2,/mnt/tidalfs-bdsz01/dataset/llm_ckpt/plc_data/Time-o1/projections/PCA/Traffic,/mnt/tidalfs-bdsz01/dataset/llm_ckpt/plc_data/Time-o1/results/repro/iTransformer_Traffic_720_0.8_0.2_0.001_type1_10_3_8_MAE_0_1_T_0.6/result_long_term_forecast.txt,10,MSE,0.5,type1,3,0.01,0.25,10,1.0,1,0.0005,sgd,all,1e-06,0.3,64,0,Time-o1,Traffic_96_720,0,1,25,8,1,0.05,2023,sin,1,10000,16,6,5,10,adam,emd1d_h,False,False,False,False,0.15,"[128, 128]",2,end,16,14,3,T,0.2,720,,0.6,0.8,imputation,0.1,1,local,True,0,/mnt/tidalfs-bdsz01/dataset/llm_ckpt/plc_data/Time-o1/results/repro/iTransformer_Traffic_720_0.8_0.2_0.001_type1_10_3_8_MAE_0_1_T_0.6/results/,1,/mnt/tidalfs-bdsz01/usr/panlicheng/dataset/traffic/,0,2,"[16, 8, 4, 2, 1]",Monthly,96,0,2,1,0.0001,8,0,OT,long_term_forecast,1,/mnt/tidalfs-bdsz01/dataset/llm_ckpt/plc_data/Time-o1/results/repro/iTransformer_Traffic_720_0.8_0.2_0.001_type1_10_3_8_MAE_0_1_T_0.6/test_results/,1,5,10,False,0,True,False,True,0,0,0,0,20,96,softmax,"[4, 4]",db1,0.29849985241889954,0.4507307708263397,0.6713648438453674,3.252819299697876,315565.46875,3.252819299697876,/mnt/tidalfs-bdsz01/dataset/llm_ckpt/plc_data/Time-o1/results/repro/iTransformer_Traffic_720_0.8_0.2_0.001_type1_10_3_8_MAE_0_1_T_0.6,,,,,
